Spotify URI,Voter ID,Created,Points Assigned,Comment,Round ID
spotify:track:6sxptembJVty4sNtcPMAVz,0c04c978ff14409e9018621377b6b7e9,2026-06-05T01:25:51.833353Z,3,"i think this will get some of the women from bakers side of the aisle on the floor, but i can't speak for the goth side",0bb1a62dc8a84b3fb6ade689b31cc0c3
spotify:track:6sxptembJVty4sNtcPMAVz,b610d55f12f147b89502873c4b93e5ef,2026-06-05T01:58:54.562887Z,2,"Yes this is it

Guess: Baker",0bb1a62dc8a84b3fb6ade689b31cc0c3
spotify:track:6sxptembJVty4sNtcPMAVz,8ad71d9554d24eaf877dda25758aae45,2026-06-07T04:29:43.172682Z,2,This will i mena WILL get played at the ablation so s 2 votes,0bb1a62dc8a84b3fb6ade689b31cc0c3
spotify:track:6sxptembJVty4sNtcPMAVz,2188964000cf410c8dbf4fd04eb76fed,2026-06-05T14:44:53.410705Z,2,,0bb1a62dc8a84b3fb6ade689b31cc0c3
spotify:track:6sxptembJVty4sNtcPMAVz,1cd356096fa0498aa955acf21944c65d,2026-06-03T23:46:57.293864Z,2,"this is the one, like move over goth girl, it is BAKERS time ",0bb1a62dc8a84b3fb6ade689b31cc0c3
spotify:track:6sxptembJVty4sNtcPMAVz,eab45a88f95d4ae893e32ca723946d60,2026-06-03T03:56:40.694198Z,1,"As someone generally not into country, I enjoyed this quite a bit!",0bb1a62dc8a84b3fb6ade689b31cc0c3
spotify:track:6sxptembJVty4sNtcPMAVz,2514636114c2431a903f1cad7eaf72e5,2026-06-05T02:29:22.364605Z,1,okay I like it. Related to Mark?,0bb1a62dc8a84b3fb6ade689b31cc0c3
spotify:track:6sxptembJVty4sNtcPMAVz,043c232c2e1040a2bc082eac10f81f12,2026-06-06T04:11:56.50696Z,1,This would be one for the aunts but we'd all dance too,0bb1a62dc8a84b3fb6ade689b31cc0c3
spotify:track:6sxptembJVty4sNtcPMAVz,80213310c71e48b297cb1223ff34a32c,2026-06-07T22:23:58.916799Z,0,I like Shania but this isn’t my favorite song.,0bb1a62dc8a84b3fb6ade689b31cc0c3
spotify:track:4QNpBfC0zvjKqPJcyqBy9W,043c232c2e1040a2bc082eac10f81f12,2026-06-06T04:11:56.50696Z,3,,0bb1a62dc8a84b3fb6ade689b31cc0c3
spotify:track:4QNpBfC0zvjKqPJcyqBy9W,6521770c9aeb4bffb740a9141e624077,2026-06-03T04:48:09.16488Z,2,,0bb1a62dc8a84b3fb6ade689b31cc0c3
spotify:track:4QNpBfC0zvjKqPJcyqBy9W,eab45a88f95d4ae893e32ca723946d60,2026-06-03T03:56:40.694198Z,1,"Mr. worldwide never fails to bring together the fam, even Rubian’s grandpa",0bb1a62dc8a84b3fb6ade689b31cc0c3
spotify:track:4QNpBfC0zvjKqPJcyqBy9W,b610d55f12f147b89502873c4b93e5ef,2026-06-05T01:58:54.562887Z,1,"We were on the same wavelength

Guess: Zach",0bb1a62dc8a84b3fb6ade689b31cc0c3
spotify:track:4QNpBfC0zvjKqPJcyqBy9W,8ad71d9554d24eaf877dda25758aae45,2026-06-07T04:29:43.172682Z,1,I 5hought long and hard because I decided 1 pitbull voter ok 1 pitbull vote wjd ya know what tbis WINS,0bb1a62dc8a84b3fb6ade689b31cc0c3
spotify:track:4QNpBfC0zvjKqPJcyqBy9W,2514636114c2431a903f1cad7eaf72e5,2026-06-05T02:29:22.364605Z,1,,0bb1a62dc8a84b3fb6ade689b31cc0c3
spotify:track:4QNpBfC0zvjKqPJcyqBy9W,0c04c978ff14409e9018621377b6b7e9,2026-06-05T01:25:51.833353Z,1,"pitbull during the intro is so good
pitbull during the verses is so bad",0bb1a62dc8a84b3fb6ade689b31cc0c3
spotify:track:4QNpBfC0zvjKqPJcyqBy9W,80213310c71e48b297cb1223ff34a32c,2026-06-07T22:23:58.916799Z,0,This is just too obvious. Will be played at the wedding but I can’t give a vote here. ,0bb1a62dc8a84b3fb6ade689b31cc0c3
spotify:track:4QNpBfC0zvjKqPJcyqBy9W,1cd356096fa0498aa955acf21944c65d,2026-06-03T23:46:57.293864Z,0,another on the snout pick but i suppose this is what the prompt called for ,0bb1a62dc8a84b3fb6ade689b31cc0c3
spotify:track:4Dm32oO01YpIubCHaAtKkN,80213310c71e48b297cb1223ff34a32c,2026-06-07T22:23:58.916799Z,3,This is. Exactly what I wanted. A song I like but would not have thought to include. Definitely going on the wankathon playlist.,0bb1a62dc8a84b3fb6ade689b31cc0c3
spotify:track:4Dm32oO01YpIubCHaAtKkN,eab45a88f95d4ae893e32ca723946d60,2026-06-03T03:56:40.694198Z,1,it’s a very very cute song,0bb1a62dc8a84b3fb6ade689b31cc0c3
spotify:track:4Dm32oO01YpIubCHaAtKkN,8ad71d9554d24eaf877dda25758aae45,2026-06-07T04:29:43.172682Z,1,My l8f3. Would SUCK. Without YOUYYYYYY tonight.    !!!,0bb1a62dc8a84b3fb6ade689b31cc0c3
spotify:track:4Dm32oO01YpIubCHaAtKkN,2514636114c2431a903f1cad7eaf72e5,2026-06-05T02:29:22.364605Z,1,,0bb1a62dc8a84b3fb6ade689b31cc0c3
spotify:track:4Dm32oO01YpIubCHaAtKkN,043c232c2e1040a2bc082eac10f81f12,2026-06-06T04:11:56.50696Z,1,,0bb1a62dc8a84b3fb6ade689b31cc0c3
spotify:track:4Dm32oO01YpIubCHaAtKkN,b610d55f12f147b89502873c4b93e5ef,2026-06-05T01:58:54.562887Z,0,"I could see wank dancing to this

Guess: Owen",0bb1a62dc8a84b3fb6ade689b31cc0c3
spotify:track:4Dm32oO01YpIubCHaAtKkN,289b6ce1643d401f950a6eb514ddfd36,2026-06-07T19:38:09.03941Z,0,Oh man ,0bb1a62dc8a84b3fb6ade689b31cc0c3
spotify:track:4Dm32oO01YpIubCHaAtKkN,0c04c978ff14409e9018621377b6b7e9,2026-06-05T01:25:51.833353Z,0,this has the same 'sad but dancing it away' energy as boots don't,0bb1a62dc8a84b3fb6ade689b31cc0c3
spotify:track:4356Typ82hUiFAynbLYbPn,6521770c9aeb4bffb740a9141e624077,2026-06-03T04:48:09.16488Z,2,,0bb1a62dc8a84b3fb6ade689b31cc0c3
spotify:track:4356Typ82hUiFAynbLYbPn,2514636114c2431a903f1cad7eaf72e5,2026-06-05T02:29:22.364605Z,2,banger ,0bb1a62dc8a84b3fb6ade689b31cc0c3
spotify:track:4356Typ82hUiFAynbLYbPn,eab45a88f95d4ae893e32ca723946d60,2026-06-03T03:56:40.694198Z,1,I remember listening to this on the orange nano through the earbuds w the yellowed wires,0bb1a62dc8a84b3fb6ade689b31cc0c3
spotify:track:4356Typ82hUiFAynbLYbPn,289b6ce1643d401f950a6eb514ddfd36,2026-06-07T19:38:09.03941Z,1,Low hanging fruit but it does work,0bb1a62dc8a84b3fb6ade689b31cc0c3
spotify:track:4356Typ82hUiFAynbLYbPn,0c04c978ff14409e9018621377b6b7e9,2026-06-05T01:25:51.833353Z,1,i always liked when the claps come in and he just tells you to put your hands up. truly brain off stuff. ,0bb1a62dc8a84b3fb6ade689b31cc0c3
spotify:track:4356Typ82hUiFAynbLYbPn,b610d55f12f147b89502873c4b93e5ef,2026-06-05T01:58:54.562887Z,0,The typo killed this joke unfortunately but this is still a correct answer,0bb1a62dc8a84b3fb6ade689b31cc0c3
spotify:track:4356Typ82hUiFAynbLYbPn,8ad71d9554d24eaf877dda25758aae45,2026-06-07T04:29:43.172682Z,0,Baby TONIGHT,0bb1a62dc8a84b3fb6ade689b31cc0c3
spotify:track:4356Typ82hUiFAynbLYbPn,80213310c71e48b297cb1223ff34a32c,2026-06-07T22:23:58.916799Z,0,Im not the same guy I was at high school parties come on now.,0bb1a62dc8a84b3fb6ade689b31cc0c3
spotify:track:4356Typ82hUiFAynbLYbPn,1cd356096fa0498aa955acf21944c65d,2026-06-03T23:46:57.293864Z,0,"you know i wanna give you a vote but this is just so on the nose (snout, if you will). lets see how many votes i still have ",0bb1a62dc8a84b3fb6ade689b31cc0c3
spotify:track:225xvV8r1yKMHErSWivnow,80213310c71e48b297cb1223ff34a32c,2026-06-07T22:23:58.916799Z,2,There should have been more classic rock on this playlist thanks for breaking up the drought ,0bb1a62dc8a84b3fb6ade689b31cc0c3
spotify:track:225xvV8r1yKMHErSWivnow,8ad71d9554d24eaf877dda25758aae45,2026-06-07T04:29:43.172682Z,1,MAYBE ill say maybe,0bb1a62dc8a84b3fb6ade689b31cc0c3
spotify:track:225xvV8r1yKMHErSWivnow,6521770c9aeb4bffb740a9141e624077,2026-06-03T04:48:09.16488Z,1,,0bb1a62dc8a84b3fb6ade689b31cc0c3
spotify:track:225xvV8r1yKMHErSWivnow,2188964000cf410c8dbf4fd04eb76fed,2026-06-05T14:44:53.410705Z,1,,0bb1a62dc8a84b3fb6ade689b31cc0c3
spotify:track:225xvV8r1yKMHErSWivnow,eab45a88f95d4ae893e32ca723946d60,2026-06-03T03:56:40.694198Z,0,"This would be better if it was literally just the strings at the beginning, it goes straight downhill from there",0bb1a62dc8a84b3fb6ade689b31cc0c3
spotify:track:225xvV8r1yKMHErSWivnow,b610d55f12f147b89502873c4b93e5ef,2026-06-05T01:58:54.562887Z,0,"Again like sure but why the walkathon specifically?

Guess: Bobo",0bb1a62dc8a84b3fb6ade689b31cc0c3
spotify:track:225xvV8r1yKMHErSWivnow,0c04c978ff14409e9018621377b6b7e9,2026-06-05T01:25:51.833353Z,0,i see this as a baker song lowkey but not a wedding song to me.,0bb1a62dc8a84b3fb6ade689b31cc0c3
spotify:track:0IkKz2J93C94Ei4BvDop7P,2188964000cf410c8dbf4fd04eb76fed,2026-06-05T14:44:53.410705Z,2,Song bangs,0bb1a62dc8a84b3fb6ade689b31cc0c3
spotify:track:0IkKz2J93C94Ei4BvDop7P,289b6ce1643d401f950a6eb514ddfd36,2026-06-07T19:38:09.03941Z,1,Too funny i have to vote for it,0bb1a62dc8a84b3fb6ade689b31cc0c3
spotify:track:0IkKz2J93C94Ei4BvDop7P,1cd356096fa0498aa955acf21944c65d,2026-06-03T23:46:57.293864Z,1,voting for GoonRock for sure ,0bb1a62dc8a84b3fb6ade689b31cc0c3
spotify:track:0IkKz2J93C94Ei4BvDop7P,eab45a88f95d4ae893e32ca723946d60,2026-06-03T03:56:40.694198Z,0,"I always forgot that it’s not this song that has the seriously seriously messed up music video but rather turn down for what, do NOT look up the music video for that song, I have childhood trauma from it. Anyways, I can’t vote for this song bc it just reminded me of that.",0bb1a62dc8a84b3fb6ade689b31cc0c3
spotify:track:0IkKz2J93C94Ei4BvDop7P,b610d55f12f147b89502873c4b93e5ef,2026-06-05T01:58:54.562887Z,0,"Like yes, but what makes this wankathon specific?

Guess: Michael",0bb1a62dc8a84b3fb6ade689b31cc0c3
spotify:track:0IkKz2J93C94Ei4BvDop7P,80213310c71e48b297cb1223ff34a32c,2026-06-07T22:23:58.916799Z,0, One on man,0bb1a62dc8a84b3fb6ade689b31cc0c3
spotify:track:0IkKz2J93C94Ei4BvDop7P,2514636114c2431a903f1cad7eaf72e5,2026-06-05T02:29:22.364605Z,0,awful,0bb1a62dc8a84b3fb6ade689b31cc0c3
spotify:track:0IkKz2J93C94Ei4BvDop7P,0c04c978ff14409e9018621377b6b7e9,2026-06-05T01:25:51.833353Z,0,i like the verses to this song but the little synth in the chorus transports me back to middle school. id still running man to it tho.,0bb1a62dc8a84b3fb6ade689b31cc0c3
spotify:track:3sTN90bIP2cJ1783ctHykO,b610d55f12f147b89502873c4b93e5ef,2026-06-05T01:58:54.562887Z,1,"Gets a vote bc it’s so good but I’m not sure if I see it at the wankathon specifically

Guess: Vish",0bb1a62dc8a84b3fb6ade689b31cc0c3
spotify:track:3sTN90bIP2cJ1783ctHykO,289b6ce1643d401f950a6eb514ddfd36,2026-06-07T19:38:09.03941Z,1,"This is a song that i would want on a wankathon, but wank wouldnt. ",0bb1a62dc8a84b3fb6ade689b31cc0c3
spotify:track:3sTN90bIP2cJ1783ctHykO,8ad71d9554d24eaf877dda25758aae45,2026-06-07T04:29:43.172682Z,0,Not a wee8ng song be serious ,0bb1a62dc8a84b3fb6ade689b31cc0c3
spotify:track:3sTN90bIP2cJ1783ctHykO,80213310c71e48b297cb1223ff34a32c,2026-06-07T22:23:58.916799Z,0,I appreciate trying something different I just can’t get down to tthis ,0bb1a62dc8a84b3fb6ade689b31cc0c3
spotify:track:3sTN90bIP2cJ1783ctHykO,2514636114c2431a903f1cad7eaf72e5,2026-06-05T02:29:22.364605Z,0,just want an explanation ,0bb1a62dc8a84b3fb6ade689b31cc0c3
spotify:track:3sTN90bIP2cJ1783ctHykO,0c04c978ff14409e9018621377b6b7e9,2026-06-05T01:25:51.833353Z,0,this wipes back to front,0bb1a62dc8a84b3fb6ade689b31cc0c3
spotify:track:3sTN90bIP2cJ1783ctHykO,043c232c2e1040a2bc082eac10f81f12,2026-06-06T04:11:56.50696Z,0,I don't see how this could possibly be a wedding dance song,0bb1a62dc8a84b3fb6ade689b31cc0c3
spotify:track:4Oun2ylbjFKMPTiaSbbCih,eab45a88f95d4ae893e32ca723946d60,2026-06-03T03:56:40.694198Z,1,Enjoyed this ❤️,0bb1a62dc8a84b3fb6ade689b31cc0c3
spotify:track:4Oun2ylbjFKMPTiaSbbCih,289b6ce1643d401f950a6eb514ddfd36,2026-06-07T19:38:09.03941Z,1,LMFAOO,0bb1a62dc8a84b3fb6ade689b31cc0c3
spotify:track:4Oun2ylbjFKMPTiaSbbCih,b610d55f12f147b89502873c4b93e5ef,2026-06-05T01:58:54.562887Z,0,"Bro I think one of wank’s relatives would die if this played

Guess: James",0bb1a62dc8a84b3fb6ade689b31cc0c3
spotify:track:4Oun2ylbjFKMPTiaSbbCih,8ad71d9554d24eaf877dda25758aae45,2026-06-07T04:29:43.172682Z,0,I mean lol but im a SEIOUS voter ok not in a million years would thie be played at the wankathobn,0bb1a62dc8a84b3fb6ade689b31cc0c3
spotify:track:4Oun2ylbjFKMPTiaSbbCih,80213310c71e48b297cb1223ff34a32c,2026-06-07T22:23:58.916799Z,0,Fuck you. ,0bb1a62dc8a84b3fb6ade689b31cc0c3
spotify:track:4Oun2ylbjFKMPTiaSbbCih,1cd356096fa0498aa955acf21944c65d,2026-06-03T23:46:57.293864Z,0,"i literally will not be taking any criticism

in the food chain im the one that eat ya !  ",0bb1a62dc8a84b3fb6ade689b31cc0c3
spotify:track:4Oun2ylbjFKMPTiaSbbCih,0c04c978ff14409e9018621377b6b7e9,2026-06-05T01:25:51.833353Z,0,imagine one of baker's aunts doing anything while this song is playing,0bb1a62dc8a84b3fb6ade689b31cc0c3
spotify:track:4Oun2ylbjFKMPTiaSbbCih,043c232c2e1040a2bc082eac10f81f12,2026-06-06T04:11:56.50696Z,0,If chuck got banned for leaving wanker written in the basement then i don't think this one's making the cut,0bb1a62dc8a84b3fb6ade689b31cc0c3
spotify:track:5Iy2Jj87Ha0C0IBlNE1I4y,b610d55f12f147b89502873c4b93e5ef,2026-06-05T01:58:54.562887Z,1,"Good wedding song and I could see it at the wankathon for some reason. Gets a vote

Guess: Matthew",0bb1a62dc8a84b3fb6ade689b31cc0c3
spotify:track:5Iy2Jj87Ha0C0IBlNE1I4y,289b6ce1643d401f950a6eb514ddfd36,2026-06-07T19:38:09.03941Z,1,I loved this when i was 14,0bb1a62dc8a84b3fb6ade689b31cc0c3
spotify:track:5Iy2Jj87Ha0C0IBlNE1I4y,eab45a88f95d4ae893e32ca723946d60,2026-06-03T03:56:40.694198Z,0,"Too corny, good for hitting Fortnite dance moves to though",0bb1a62dc8a84b3fb6ade689b31cc0c3
spotify:track:5Iy2Jj87Ha0C0IBlNE1I4y,8ad71d9554d24eaf877dda25758aae45,2026-06-07T04:29:43.172682Z,0,Ehhhhh,0bb1a62dc8a84b3fb6ade689b31cc0c3
spotify:track:5Iy2Jj87Ha0C0IBlNE1I4y,2514636114c2431a903f1cad7eaf72e5,2026-06-05T02:29:22.364605Z,0,this guy didn’t die for you to submit his music for Wankathon week,0bb1a62dc8a84b3fb6ade689b31cc0c3
spotify:track:5Iy2Jj87Ha0C0IBlNE1I4y,0c04c978ff14409e9018621377b6b7e9,2026-06-05T01:25:51.833353Z,0,im cornering joey by the cake and telling him how important his brother is to me during this song,0bb1a62dc8a84b3fb6ade689b31cc0c3
spotify:track:5Iy2Jj87Ha0C0IBlNE1I4y,043c232c2e1040a2bc082eac10f81f12,2026-06-06T04:11:56.50696Z,0,There are so many better avicii songs for the wankathon,0bb1a62dc8a84b3fb6ade689b31cc0c3
spotify:track:3G7XYAwtxtoGK7fAm4IlD9,1cd356096fa0498aa955acf21944c65d,2026-06-03T23:46:57.293864Z,2,i can really see him getting down to this song on god ,0bb1a62dc8a84b3fb6ade689b31cc0c3
spotify:track:3G7XYAwtxtoGK7fAm4IlD9,eab45a88f95d4ae893e32ca723946d60,2026-06-03T03:56:40.694198Z,0,"Baker probably thinks I submitted this sadly, i just wouldn’t and that’s a fact",0bb1a62dc8a84b3fb6ade689b31cc0c3
spotify:track:3G7XYAwtxtoGK7fAm4IlD9,b610d55f12f147b89502873c4b93e5ef,2026-06-05T01:58:54.562887Z,0,"This is a mid song tbh

Guess: Chuck",0bb1a62dc8a84b3fb6ade689b31cc0c3
spotify:track:3G7XYAwtxtoGK7fAm4IlD9,8ad71d9554d24eaf877dda25758aae45,2026-06-07T04:29:43.172682Z,0,DESPITE being classic man *and all the shortcomings of a classic man he wouldn't play this yes too classic ,0bb1a62dc8a84b3fb6ade689b31cc0c3
spotify:track:3G7XYAwtxtoGK7fAm4IlD9,80213310c71e48b297cb1223ff34a32c,2026-06-07T22:23:58.916799Z,0,Eh,0bb1a62dc8a84b3fb6ade689b31cc0c3
spotify:track:3G7XYAwtxtoGK7fAm4IlD9,2514636114c2431a903f1cad7eaf72e5,2026-06-05T02:29:22.364605Z,0,everyone just left the dance floor bro ,0bb1a62dc8a84b3fb6ade689b31cc0c3
spotify:track:3G7XYAwtxtoGK7fAm4IlD9,0c04c978ff14409e9018621377b6b7e9,2026-06-05T01:25:51.833353Z,0,"ive heard enough, this is getting excluded from my taste profile",0bb1a62dc8a84b3fb6ade689b31cc0c3
spotify:track:200x8ONbPfFzByUr3fVz46,eab45a88f95d4ae893e32ca723946d60,2026-06-03T03:56:40.694198Z,0,Not my thing,0bb1a62dc8a84b3fb6ade689b31cc0c3
spotify:track:200x8ONbPfFzByUr3fVz46,b610d55f12f147b89502873c4b93e5ef,2026-06-05T01:58:54.562887Z,0,"Ehhh not sure if I could see this being played for wank but I love this song

Guess: Jecub",0bb1a62dc8a84b3fb6ade689b31cc0c3
spotify:track:200x8ONbPfFzByUr3fVz46,80213310c71e48b297cb1223ff34a32c,2026-06-07T22:23:58.916799Z,0,If this was the original Debby Joe I would have voted three spots. I like this song but shoot me in the head if I play Cole Seinfeld at my wedding,0bb1a62dc8a84b3fb6ade689b31cc0c3
spotify:track:200x8ONbPfFzByUr3fVz46,289b6ce1643d401f950a6eb514ddfd36,2026-06-07T19:38:09.03941Z,0,Yikes this probably fits,0bb1a62dc8a84b3fb6ade689b31cc0c3
spotify:track:200x8ONbPfFzByUr3fVz46,2514636114c2431a903f1cad7eaf72e5,2026-06-05T02:29:22.364605Z,0,it’s possible I’m just anti-WNKTHN songs this is bad,0bb1a62dc8a84b3fb6ade689b31cc0c3
spotify:track:200x8ONbPfFzByUr3fVz46,1cd356096fa0498aa955acf21944c65d,2026-06-03T23:46:57.293864Z,0,this guy has one of the hardest Rs on whatever side of the mississippi this is ,0bb1a62dc8a84b3fb6ade689b31cc0c3
spotify:track:200x8ONbPfFzByUr3fVz46,0c04c978ff14409e9018621377b6b7e9,2026-06-05T01:25:51.833353Z,0,caption helped me understand but im sorry i hate this song. they just copied a song thats about something and made it about nothing. justice for jo dee,0bb1a62dc8a84b3fb6ade689b31cc0c3
spotify:track:2kkvB3RNRzwjFdGhaUA0tz,eab45a88f95d4ae893e32ca723946d60,2026-06-14T01:25:22.133887Z,2,S-tier,20b9dbe3b08141528125f24b556290b1
spotify:track:2kkvB3RNRzwjFdGhaUA0tz,80213310c71e48b297cb1223ff34a32c,2026-06-14T01:13:28.385648Z,2,Yeah I love this song ,20b9dbe3b08141528125f24b556290b1
spotify:track:2kkvB3RNRzwjFdGhaUA0tz,2514636114c2431a903f1cad7eaf72e5,2026-06-14T13:16:45.273976Z,2,here we go,20b9dbe3b08141528125f24b556290b1
spotify:track:2kkvB3RNRzwjFdGhaUA0tz,043c232c2e1040a2bc082eac10f81f12,2026-06-13T20:19:48.639289Z,2,"An all time favorite although I like some other versions better. Good development, justifies the long song",20b9dbe3b08141528125f24b556290b1
spotify:track:2kkvB3RNRzwjFdGhaUA0tz,b610d55f12f147b89502873c4b93e5ef,2026-06-14T20:20:29.728599Z,1,"Legendary tune that you can really sit into. I love the piano section

Guess: Jecub",20b9dbe3b08141528125f24b556290b1
spotify:track:2kkvB3RNRzwjFdGhaUA0tz,0c04c978ff14409e9018621377b6b7e9,2026-06-14T15:56:29.541849Z,1,this is one of those long ass songs that's basically 2 songs. classic riff in the first half when hes down horrendous for layla. the second half feels like riding into the sunset with layla. LAYYYLA,20b9dbe3b08141528125f24b556290b1
spotify:track:2kkvB3RNRzwjFdGhaUA0tz,8ad71d9554d24eaf877dda25758aae45,2026-06-14T16:37:23.157111Z,0,Layla,20b9dbe3b08141528125f24b556290b1
spotify:track:2kkvB3RNRzwjFdGhaUA0tz,289b6ce1643d401f950a6eb514ddfd36,2026-06-15T01:48:57.128094Z,0,Rock songs are the best off at pulling off this long song nonsense,20b9dbe3b08141528125f24b556290b1
spotify:track:2kkvB3RNRzwjFdGhaUA0tz,1cd356096fa0498aa955acf21944c65d,2026-06-14T23:47:08.790233Z,0,the production on the vocals just isn’t it for me ?,20b9dbe3b08141528125f24b556290b1
spotify:track:3q2v8QaTnHLveAQzR6gvYm,289b6ce1643d401f950a6eb514ddfd36,2026-06-15T01:48:57.128094Z,3,Genuinely gut wrenching song but the production is so good. Also doesnt feel long because its really just two songs.,20b9dbe3b08141528125f24b556290b1
spotify:track:3q2v8QaTnHLveAQzR6gvYm,b610d55f12f147b89502873c4b93e5ef,2026-06-14T20:20:29.728599Z,1,"I almost submitted this but 12 min is long as hell. It uses all 12 super well though and is in a league of its own so gets a vote

Guess: Baker",20b9dbe3b08141528125f24b556290b1
spotify:track:3q2v8QaTnHLveAQzR6gvYm,6521770c9aeb4bffb740a9141e624077,2026-06-14T18:17:48.205952Z,1,The immediate murder is fantastic ,20b9dbe3b08141528125f24b556290b1
spotify:track:3q2v8QaTnHLveAQzR6gvYm,2188964000cf410c8dbf4fd04eb76fed,2026-06-14T18:25:11.421322Z,1,,20b9dbe3b08141528125f24b556290b1
spotify:track:3q2v8QaTnHLveAQzR6gvYm,1cd356096fa0498aa955acf21944c65d,2026-06-14T23:47:08.790233Z,1,grew on me fr,20b9dbe3b08141528125f24b556290b1
spotify:track:3q2v8QaTnHLveAQzR6gvYm,0c04c978ff14409e9018621377b6b7e9,2026-06-14T15:56:29.541849Z,1,another long ass song thats kinda 2 songs. this song gets me every time and the beat has to be 10/10 to go for this long.,20b9dbe3b08141528125f24b556290b1
spotify:track:3q2v8QaTnHLveAQzR6gvYm,043c232c2e1040a2bc082eac10f81f12,2026-06-13T20:19:48.639289Z,1,,20b9dbe3b08141528125f24b556290b1
spotify:track:3q2v8QaTnHLveAQzR6gvYm,eab45a88f95d4ae893e32ca723946d60,2026-06-14T01:25:22.133887Z,0,A-tier,20b9dbe3b08141528125f24b556290b1
spotify:track:3q2v8QaTnHLveAQzR6gvYm,8ad71d9554d24eaf877dda25758aae45,2026-06-14T16:37:23.157111Z,0,idk if i wouldve voted anyway but the caption sealed no votes,20b9dbe3b08141528125f24b556290b1
spotify:track:58KPPL1AdLHMvR2O2PZejr,2188964000cf410c8dbf4fd04eb76fed,2026-06-14T18:25:11.421322Z,2,,20b9dbe3b08141528125f24b556290b1
spotify:track:58KPPL1AdLHMvR2O2PZejr,b610d55f12f147b89502873c4b93e5ef,2026-06-14T20:20:29.728599Z,1,"Thanks for being different with an upbeat song this week. Pretty epic track

Guess: Michael",20b9dbe3b08141528125f24b556290b1
spotify:track:58KPPL1AdLHMvR2O2PZejr,80213310c71e48b297cb1223ff34a32c,2026-06-14T01:13:28.385648Z,1,,20b9dbe3b08141528125f24b556290b1
spotify:track:58KPPL1AdLHMvR2O2PZejr,6521770c9aeb4bffb740a9141e624077,2026-06-14T18:17:48.205952Z,1,Biblically accurate long song choice,20b9dbe3b08141528125f24b556290b1
spotify:track:58KPPL1AdLHMvR2O2PZejr,289b6ce1643d401f950a6eb514ddfd36,2026-06-15T01:48:57.128094Z,1,Fantastic submission. Honestly forgot this song existed so thank you.,20b9dbe3b08141528125f24b556290b1
spotify:track:58KPPL1AdLHMvR2O2PZejr,eab45a88f95d4ae893e32ca723946d60,2026-06-14T01:25:22.133887Z,0,C-tier,20b9dbe3b08141528125f24b556290b1
spotify:track:58KPPL1AdLHMvR2O2PZejr,1cd356096fa0498aa955acf21944c65d,2026-06-14T23:47:08.790233Z,0,i had them play ta for me at the bowl ,20b9dbe3b08141528125f24b556290b1
spotify:track:58KPPL1AdLHMvR2O2PZejr,0c04c978ff14409e9018621377b6b7e9,2026-06-14T15:56:29.541849Z,0,"never given this a proper listen, and I like the second section with the half time drums. This is the most child of divorce song I’ve ever heard. ",20b9dbe3b08141528125f24b556290b1
spotify:track:3W1WjLXB9wEueUmqNzPJve,0c04c978ff14409e9018621377b6b7e9,2026-06-14T15:56:29.541849Z,3,liked this way more than i thought i would. The performance is beautiful and the recording gives the piano so much space. ,20b9dbe3b08141528125f24b556290b1
spotify:track:3W1WjLXB9wEueUmqNzPJve,b610d55f12f147b89502873c4b93e5ef,2026-06-14T20:20:29.728599Z,1,"Wow this is beautiful, gets a vote. Bobo you didn't disappoint",20b9dbe3b08141528125f24b556290b1
spotify:track:3W1WjLXB9wEueUmqNzPJve,2514636114c2431a903f1cad7eaf72e5,2026-06-14T13:16:45.273976Z,1,peace,20b9dbe3b08141528125f24b556290b1
spotify:track:3W1WjLXB9wEueUmqNzPJve,1cd356096fa0498aa955acf21944c65d,2026-06-14T23:47:08.790233Z,1,i never vote for fs lemme stop being a hater,20b9dbe3b08141528125f24b556290b1
spotify:track:3W1WjLXB9wEueUmqNzPJve,eab45a88f95d4ae893e32ca723946d60,2026-06-14T01:25:22.133887Z,0,B-tier,20b9dbe3b08141528125f24b556290b1
spotify:track:3W1WjLXB9wEueUmqNzPJve,6521770c9aeb4bffb740a9141e624077,2026-06-14T18:17:48.205952Z,0,Sorry but you're not getting away with it here Bob. I would've needed to be blown away and I was only happy,20b9dbe3b08141528125f24b556290b1
spotify:track:77vYwoC7e3pVoPq8BA9CuL,eab45a88f95d4ae893e32ca723946d60,2026-06-14T01:25:22.133887Z,3,S-tier,20b9dbe3b08141528125f24b556290b1
spotify:track:77vYwoC7e3pVoPq8BA9CuL,8ad71d9554d24eaf877dda25758aae45,2026-06-14T16:37:23.157111Z,1,"as someone who has heard of this artist, i can say its quite good",20b9dbe3b08141528125f24b556290b1
spotify:track:77vYwoC7e3pVoPq8BA9CuL,6521770c9aeb4bffb740a9141e624077,2026-06-14T18:17:48.205952Z,1,And baker doesn't know !?!?,20b9dbe3b08141528125f24b556290b1
spotify:track:77vYwoC7e3pVoPq8BA9CuL,043c232c2e1040a2bc082eac10f81f12,2026-06-13T20:19:48.639289Z,1,,20b9dbe3b08141528125f24b556290b1
spotify:track:77vYwoC7e3pVoPq8BA9CuL,b610d55f12f147b89502873c4b93e5ef,2026-06-14T20:20:29.728599Z,0,"I actually really like this song but I've always thought that it could be shorter

Guess: Matthew",20b9dbe3b08141528125f24b556290b1
spotify:track:77vYwoC7e3pVoPq8BA9CuL,2514636114c2431a903f1cad7eaf72e5,2026-06-14T13:16:45.273976Z,0,coop and I were talking about death cab for cutie recently ,20b9dbe3b08141528125f24b556290b1
spotify:track:77vYwoC7e3pVoPq8BA9CuL,0c04c978ff14409e9018621377b6b7e9,2026-06-14T15:56:29.541849Z,0,Was kind of digging it til his voice came in ,20b9dbe3b08141528125f24b556290b1
spotify:track:37HI0imp0t6a0MBS00lPkS,8ad71d9554d24eaf877dda25758aae45,2026-06-14T16:37:23.157111Z,1,first listen to playlist i thought this was my favorite after second i dont think that but first impressions matter so still gets a vote,20b9dbe3b08141528125f24b556290b1
spotify:track:37HI0imp0t6a0MBS00lPkS,80213310c71e48b297cb1223ff34a32c,2026-06-14T01:13:28.385648Z,1,I heard this song on a YouTube video of the 2014 royals World Series run. Thank you for reminding me ,20b9dbe3b08141528125f24b556290b1
spotify:track:37HI0imp0t6a0MBS00lPkS,6521770c9aeb4bffb740a9141e624077,2026-06-14T18:17:48.205952Z,1,Yes phenomenal no notes Spotify put this on one of my day lists and I am a fan,20b9dbe3b08141528125f24b556290b1
spotify:track:37HI0imp0t6a0MBS00lPkS,1cd356096fa0498aa955acf21944c65d,2026-06-14T23:47:08.790233Z,1,how can you not be romantic about music league ?,20b9dbe3b08141528125f24b556290b1
spotify:track:37HI0imp0t6a0MBS00lPkS,043c232c2e1040a2bc082eac10f81f12,2026-06-13T20:19:48.639289Z,1,I didn't like this the first time but I listened while driving and I was really feeling it the second time,20b9dbe3b08141528125f24b556290b1
spotify:track:37HI0imp0t6a0MBS00lPkS,eab45a88f95d4ae893e32ca723946d60,2026-06-14T01:25:22.133887Z,0,B-tier,20b9dbe3b08141528125f24b556290b1
spotify:track:37HI0imp0t6a0MBS00lPkS,b610d55f12f147b89502873c4b93e5ef,2026-06-14T20:20:29.728599Z,0,"So chill but so long. I've had this saved for a while and it's excellent lock in music and deserves to be on this playlist. There are better long songs here though

Guess: Vish",20b9dbe3b08141528125f24b556290b1
spotify:track:37HI0imp0t6a0MBS00lPkS,289b6ce1643d401f950a6eb514ddfd36,2026-06-15T01:48:57.128094Z,0,Too much but good,20b9dbe3b08141528125f24b556290b1
spotify:track:37HI0imp0t6a0MBS00lPkS,2514636114c2431a903f1cad7eaf72e5,2026-06-14T13:16:45.273976Z,0,"I don’t think you like this song, you just like moneyball",20b9dbe3b08141528125f24b556290b1
spotify:track:37HI0imp0t6a0MBS00lPkS,0c04c978ff14409e9018621377b6b7e9,2026-06-14T15:56:29.541849Z,0,at the end of the cheesy sports movie when they cut to every character in slo-mo while the game winning shot is in the air,20b9dbe3b08141528125f24b556290b1
spotify:track:04mAOoQNsXmDJlyupJwmkO,2188964000cf410c8dbf4fd04eb76fed,2026-06-14T18:25:11.421322Z,2,,20b9dbe3b08141528125f24b556290b1
spotify:track:04mAOoQNsXmDJlyupJwmkO,6521770c9aeb4bffb740a9141e624077,2026-06-14T18:17:48.205952Z,1,This one grew on me. I ended up quite enjoying it. Hard to get a story to last this long. ,20b9dbe3b08141528125f24b556290b1
spotify:track:04mAOoQNsXmDJlyupJwmkO,1cd356096fa0498aa955acf21944c65d,2026-06-14T23:47:08.790233Z,1,"i hope she knows 

cubba type caption fr ",20b9dbe3b08141528125f24b556290b1
spotify:track:04mAOoQNsXmDJlyupJwmkO,eab45a88f95d4ae893e32ca723946d60,2026-06-14T01:25:22.133887Z,0,A-tier,20b9dbe3b08141528125f24b556290b1
spotify:track:04mAOoQNsXmDJlyupJwmkO,b610d55f12f147b89502873c4b93e5ef,2026-06-14T20:20:29.728599Z,0,"Good song that I wish was shorter

Guess: Owen",20b9dbe3b08141528125f24b556290b1
spotify:track:04mAOoQNsXmDJlyupJwmkO,8ad71d9554d24eaf877dda25758aae45,2026-06-14T16:37:23.157111Z,0,i played this song driving back from looking at the stars on shrooms and it hit then,20b9dbe3b08141528125f24b556290b1
spotify:track:04mAOoQNsXmDJlyupJwmkO,289b6ce1643d401f950a6eb514ddfd36,2026-06-15T01:48:57.128094Z,0,yeah it just got annoying after a bit,20b9dbe3b08141528125f24b556290b1
spotify:track:04mAOoQNsXmDJlyupJwmkO,2514636114c2431a903f1cad7eaf72e5,2026-06-14T13:16:45.273976Z,0,This song happens to be long,20b9dbe3b08141528125f24b556290b1
spotify:track:04mAOoQNsXmDJlyupJwmkO,0c04c978ff14409e9018621377b6b7e9,2026-06-14T15:56:29.541849Z,0,the second half of this song is unfortunately exactly like a modern christian worship song. for that reason im icked,20b9dbe3b08141528125f24b556290b1
spotify:track:5EDBVVqd2ogoG89XVQOvsn,2514636114c2431a903f1cad7eaf72e5,2026-06-14T13:16:45.273976Z,2,excellent name ,20b9dbe3b08141528125f24b556290b1
spotify:track:5EDBVVqd2ogoG89XVQOvsn,8ad71d9554d24eaf877dda25758aae45,2026-06-14T16:37:23.157111Z,1,,20b9dbe3b08141528125f24b556290b1
spotify:track:5EDBVVqd2ogoG89XVQOvsn,1cd356096fa0498aa955acf21944c65d,2026-06-14T23:47:08.790233Z,1,this has gotta be owen man,20b9dbe3b08141528125f24b556290b1
spotify:track:5EDBVVqd2ogoG89XVQOvsn,eab45a88f95d4ae893e32ca723946d60,2026-06-14T01:25:22.133887Z,0,C-tier,20b9dbe3b08141528125f24b556290b1
spotify:track:5EDBVVqd2ogoG89XVQOvsn,b610d55f12f147b89502873c4b93e5ef,2026-06-14T20:20:29.728599Z,0,"Sad girl isn't my thing but I did enjoy listening and the guitar is cool

Guess: James",20b9dbe3b08141528125f24b556290b1
spotify:track:5EDBVVqd2ogoG89XVQOvsn,6521770c9aeb4bffb740a9141e624077,2026-06-14T18:17:48.205952Z,0,I really liked this but I'm out of votes sorry,20b9dbe3b08141528125f24b556290b1
spotify:track:5EDBVVqd2ogoG89XVQOvsn,0c04c978ff14409e9018621377b6b7e9,2026-06-14T15:56:29.541849Z,0,Vishals my soccer mommy,20b9dbe3b08141528125f24b556290b1
spotify:track:0g0Rxk2v2gtdun5gu4Sx8X,8ad71d9554d24eaf877dda25758aae45,2026-06-14T16:37:23.157111Z,1,idk how i feel about submitting a song from an album thats been submitted already. but its good so ig idc enough,20b9dbe3b08141528125f24b556290b1
spotify:track:0g0Rxk2v2gtdun5gu4Sx8X,289b6ce1643d401f950a6eb514ddfd36,2026-06-15T01:48:57.128094Z,1,Compelling the whole way through nice submission chuck,20b9dbe3b08141528125f24b556290b1
spotify:track:0g0Rxk2v2gtdun5gu4Sx8X,eab45a88f95d4ae893e32ca723946d60,2026-06-14T01:25:22.133887Z,0,S-tier aka slop-tier aka F-tier,20b9dbe3b08141528125f24b556290b1
spotify:track:0g0Rxk2v2gtdun5gu4Sx8X,b610d55f12f147b89502873c4b93e5ef,2026-06-14T20:20:29.728599Z,0,"I’ve known this song for a while and it’s a banger. It gives euphoria soundtrack. Does not need to be this long though

Guess: Zach",20b9dbe3b08141528125f24b556290b1
spotify:track:0g0Rxk2v2gtdun5gu4Sx8X,6521770c9aeb4bffb740a9141e624077,2026-06-14T18:17:48.205952Z,0,I was not fucking with this for the amount of the runtime,20b9dbe3b08141528125f24b556290b1
spotify:track:0g0Rxk2v2gtdun5gu4Sx8X,0c04c978ff14409e9018621377b6b7e9,2026-06-14T15:56:29.541849Z,0,super vibey but i get a little bored.,20b9dbe3b08141528125f24b556290b1
spotify:track:76FnuGRKykqGIiXicVx0Y5,8ad71d9554d24eaf877dda25758aae45,2026-06-14T16:37:23.157111Z,1,we get it you watch the bear,20b9dbe3b08141528125f24b556290b1
spotify:track:76FnuGRKykqGIiXicVx0Y5,80213310c71e48b297cb1223ff34a32c,2026-06-14T01:13:28.385648Z,1,,20b9dbe3b08141528125f24b556290b1
spotify:track:76FnuGRKykqGIiXicVx0Y5,eab45a88f95d4ae893e32ca723946d60,2026-06-14T01:25:22.133887Z,0,D-tier,20b9dbe3b08141528125f24b556290b1
spotify:track:76FnuGRKykqGIiXicVx0Y5,b610d55f12f147b89502873c4b93e5ef,2026-06-14T20:20:29.728599Z,0,Damn I thought I had a banger this week but the field was good,20b9dbe3b08141528125f24b556290b1
spotify:track:76FnuGRKykqGIiXicVx0Y5,6521770c9aeb4bffb740a9141e624077,2026-06-14T18:17:48.205952Z,0,I really enjoy a lot of these classic songs the bear is throwing out but unfortunately this one couldn't keep my appreciation for the full time. I also in fact stand in judgment. ,20b9dbe3b08141528125f24b556290b1
spotify:track:76FnuGRKykqGIiXicVx0Y5,2514636114c2431a903f1cad7eaf72e5,2026-06-14T13:16:45.273976Z,0,I thought the opening notes were “see you again” ft wiz khalifa,20b9dbe3b08141528125f24b556290b1
spotify:track:76FnuGRKykqGIiXicVx0Y5,0c04c978ff14409e9018621377b6b7e9,2026-06-14T15:56:29.541849Z,0,this sounds like a tape you would find at a garage sale or in a relatives basement. fun but not my favorite ,20b9dbe3b08141528125f24b556290b1
spotify:track:69TZeRi1BYt4J712MvrIHC,b610d55f12f147b89502873c4b93e5ef,2026-06-14T20:20:29.728599Z,1,"Beautiful and super complex. I really enjoyed this

Guess: Chuck",20b9dbe3b08141528125f24b556290b1
spotify:track:69TZeRi1BYt4J712MvrIHC,6521770c9aeb4bffb740a9141e624077,2026-06-14T18:17:48.205952Z,0,Lovely but I think I would need to listen to the whole album to give it a vote,20b9dbe3b08141528125f24b556290b1
spotify:track:69TZeRi1BYt4J712MvrIHC,2514636114c2431a903f1cad7eaf72e5,2026-06-14T13:16:45.273976Z,0,this is like directly from my study beats playlist ,20b9dbe3b08141528125f24b556290b1
spotify:track:69TZeRi1BYt4J712MvrIHC,1cd356096fa0498aa955acf21944c65d,2026-06-14T23:47:08.790233Z,0,when did yall start typing w all lowercase wtf,20b9dbe3b08141528125f24b556290b1
spotify:track:69TZeRi1BYt4J712MvrIHC,0c04c978ff14409e9018621377b6b7e9,2026-06-14T15:56:29.541849Z,0,😴,20b9dbe3b08141528125f24b556290b1
spotify:track:3sa5KWECceDGtNgdsqaUv2,289b6ce1643d401f950a6eb514ddfd36,2026-06-22T00:22:48.635715Z,3,CLASSIC CLASSIC CLASSIC,b999783e787c49f1b4f8e0c1a30856b7
spotify:track:3sa5KWECceDGtNgdsqaUv2,0c04c978ff14409e9018621377b6b7e9,2026-06-21T14:12:27.008758Z,3,normally not a fan of carti but this is so gooooooood. this conjures images so deep fried guy fieri wouldn't swallow them.,b999783e787c49f1b4f8e0c1a30856b7
spotify:track:3sa5KWECceDGtNgdsqaUv2,b610d55f12f147b89502873c4b93e5ef,2026-06-21T22:33:05.556632Z,2,"This did rot my brain

Guess: James",b999783e787c49f1b4f8e0c1a30856b7
spotify:track:3sa5KWECceDGtNgdsqaUv2,eab45a88f95d4ae893e32ca723946d60,2026-06-18T06:51:52.885472Z,1,This is definitive,b999783e787c49f1b4f8e0c1a30856b7
spotify:track:3sa5KWECceDGtNgdsqaUv2,2188964000cf410c8dbf4fd04eb76fed,2026-06-22T01:07:21.539219Z,1,,b999783e787c49f1b4f8e0c1a30856b7
spotify:track:3sa5KWECceDGtNgdsqaUv2,6521770c9aeb4bffb740a9141e624077,2026-06-18T01:29:02.963376Z,0,I cannot believe that this man has achieved success. Meritocracy is a lie,b999783e787c49f1b4f8e0c1a30856b7
spotify:track:3sa5KWECceDGtNgdsqaUv2,1cd356096fa0498aa955acf21944c65d,2026-06-19T17:06:03.782213Z,0,errrreybody it with me hit the sea lion ! (uh-uh-uh-uh-uh-uh-uh-uh-uh),b999783e787c49f1b4f8e0c1a30856b7
spotify:track:42VsgItocQwOQC3XWZ8JNA,2514636114c2431a903f1cad7eaf72e5,2026-06-18T21:22:15.802994Z,2,least bad ,b999783e787c49f1b4f8e0c1a30856b7
spotify:track:42VsgItocQwOQC3XWZ8JNA,2188964000cf410c8dbf4fd04eb76fed,2026-06-22T01:07:21.539219Z,2,,b999783e787c49f1b4f8e0c1a30856b7
spotify:track:42VsgItocQwOQC3XWZ8JNA,b610d55f12f147b89502873c4b93e5ef,2026-06-21T22:33:05.556632Z,1,"Almost submitted this

Guess: Michael",b999783e787c49f1b4f8e0c1a30856b7
spotify:track:42VsgItocQwOQC3XWZ8JNA,289b6ce1643d401f950a6eb514ddfd36,2026-06-22T00:22:48.635715Z,1,HE FEININ FOR MORE ,b999783e787c49f1b4f8e0c1a30856b7
spotify:track:42VsgItocQwOQC3XWZ8JNA,1cd356096fa0498aa955acf21944c65d,2026-06-19T17:06:03.782213Z,1,low hanging fruit but your peers had nothing so here’s a vote !,b999783e787c49f1b4f8e0c1a30856b7
spotify:track:42VsgItocQwOQC3XWZ8JNA,eab45a88f95d4ae893e32ca723946d60,2026-06-18T06:51:52.885472Z,0,Travis is the worst part of this song,b999783e787c49f1b4f8e0c1a30856b7
spotify:track:42VsgItocQwOQC3XWZ8JNA,6521770c9aeb4bffb740a9141e624077,2026-06-18T01:29:02.963376Z,0,I guess this one is better but still my above statement holds,b999783e787c49f1b4f8e0c1a30856b7
spotify:track:42VsgItocQwOQC3XWZ8JNA,0c04c978ff14409e9018621377b6b7e9,2026-06-21T14:12:27.008758Z,0,im sorry for your experience,b999783e787c49f1b4f8e0c1a30856b7
spotify:track:1XD4K4CGAKTIBmFpvuaFru,80213310c71e48b297cb1223ff34a32c,2026-06-19T16:58:44.756058Z,2,I liked this. It made me feel like I was losing brain cells. Good brainrot.,b999783e787c49f1b4f8e0c1a30856b7
spotify:track:1XD4K4CGAKTIBmFpvuaFru,6521770c9aeb4bffb740a9141e624077,2026-06-18T01:29:02.963376Z,2,I think this is brain rot but it also played for 20 minutes and stayed,b999783e787c49f1b4f8e0c1a30856b7
spotify:track:1XD4K4CGAKTIBmFpvuaFru,b610d55f12f147b89502873c4b93e5ef,2026-06-21T22:33:05.556632Z,1,"I see the argument here but not totally sold. Some ppl would straight up call this good music

Guess: Chuck",b999783e787c49f1b4f8e0c1a30856b7
spotify:track:1XD4K4CGAKTIBmFpvuaFru,8ad71d9554d24eaf877dda25758aae45,2026-06-20T01:25:40.075871Z,1,i actually kinda fuck with it lol,b999783e787c49f1b4f8e0c1a30856b7
spotify:track:1XD4K4CGAKTIBmFpvuaFru,1cd356096fa0498aa955acf21944c65d,2026-06-19T17:06:03.782213Z,0,anachronistic if anything ,b999783e787c49f1b4f8e0c1a30856b7
spotify:track:1XD4K4CGAKTIBmFpvuaFru,0c04c978ff14409e9018621377b6b7e9,2026-06-21T14:12:27.008758Z,0,this is firmly gen z but im not sure its brainrot,b999783e787c49f1b4f8e0c1a30856b7
spotify:track:5NQbUaeTEOGdD6hHcre0dZ,2514636114c2431a903f1cad7eaf72e5,2026-06-18T21:22:15.802994Z,2,tied-first least bad song ,b999783e787c49f1b4f8e0c1a30856b7
spotify:track:5NQbUaeTEOGdD6hHcre0dZ,2188964000cf410c8dbf4fd04eb76fed,2026-06-22T01:07:21.539219Z,2,,b999783e787c49f1b4f8e0c1a30856b7
spotify:track:5NQbUaeTEOGdD6hHcre0dZ,eab45a88f95d4ae893e32ca723946d60,2026-06-18T06:51:52.885472Z,1,1 vote for no diddy and 67,b999783e787c49f1b4f8e0c1a30856b7
spotify:track:5NQbUaeTEOGdD6hHcre0dZ,1cd356096fa0498aa955acf21944c65d,2026-06-19T17:06:03.782213Z,1,no one can control us !,b999783e787c49f1b4f8e0c1a30856b7
spotify:track:5NQbUaeTEOGdD6hHcre0dZ,b610d55f12f147b89502873c4b93e5ef,2026-06-21T22:33:05.556632Z,0,"Interesting take on brainrot that I’m not sure I can get behind

Guess: Vish",b999783e787c49f1b4f8e0c1a30856b7
spotify:track:5NQbUaeTEOGdD6hHcre0dZ,8ad71d9554d24eaf877dda25758aae45,2026-06-20T01:25:40.075871Z,0,can't be brainrot because i listened to this and i was an extremely well adjusted child,b999783e787c49f1b4f8e0c1a30856b7
spotify:track:5NQbUaeTEOGdD6hHcre0dZ,6521770c9aeb4bffb740a9141e624077,2026-06-18T01:29:02.963376Z,0,This is a worse song than I remember but not quite enough brain rot,b999783e787c49f1b4f8e0c1a30856b7
spotify:track:5NQbUaeTEOGdD6hHcre0dZ,289b6ce1643d401f950a6eb514ddfd36,2026-06-22T00:22:48.635715Z,0,idek if this counts as brainrots ,b999783e787c49f1b4f8e0c1a30856b7
spotify:track:5NQbUaeTEOGdD6hHcre0dZ,0c04c978ff14409e9018621377b6b7e9,2026-06-21T14:12:27.008758Z,0,⁶🫲 🤪 🫱⁷,b999783e787c49f1b4f8e0c1a30856b7
spotify:track:3wOgRFB76sCuD29N6Jz4mI,043c232c2e1040a2bc082eac10f81f12,2026-06-18T00:23:27.513807Z,2,Stupid theme,b999783e787c49f1b4f8e0c1a30856b7
spotify:track:3wOgRFB76sCuD29N6Jz4mI,80213310c71e48b297cb1223ff34a32c,2026-06-19T16:58:44.756058Z,1,Can’t believe I’m giving this a vote ,b999783e787c49f1b4f8e0c1a30856b7
spotify:track:3wOgRFB76sCuD29N6Jz4mI,289b6ce1643d401f950a6eb514ddfd36,2026-06-22T00:22:48.635715Z,1,Too much of a vibe im sorry,b999783e787c49f1b4f8e0c1a30856b7
spotify:track:3wOgRFB76sCuD29N6Jz4mI,1cd356096fa0498aa955acf21944c65d,2026-06-19T17:06:03.782213Z,1,finally a submission feinsinnige who’s been online this decade ,b999783e787c49f1b4f8e0c1a30856b7
spotify:track:3wOgRFB76sCuD29N6Jz4mI,eab45a88f95d4ae893e32ca723946d60,2026-06-18T06:51:52.885472Z,0,Why is there a child in this song and why isn’t it the rizzler?,b999783e787c49f1b4f8e0c1a30856b7
spotify:track:3wOgRFB76sCuD29N6Jz4mI,b610d55f12f147b89502873c4b93e5ef,2026-06-21T22:33:05.556632Z,0,"Bruh this is less brainrot and more just awful

Guess: Matthew",b999783e787c49f1b4f8e0c1a30856b7
spotify:track:3wOgRFB76sCuD29N6Jz4mI,8ad71d9554d24eaf877dda25758aae45,2026-06-20T01:25:40.075871Z,0,i think i should call child protective services,b999783e787c49f1b4f8e0c1a30856b7
spotify:track:3wOgRFB76sCuD29N6Jz4mI,6521770c9aeb4bffb740a9141e624077,2026-06-18T01:29:02.963376Z,0,This is just funny I don't understand ,b999783e787c49f1b4f8e0c1a30856b7
spotify:track:3wOgRFB76sCuD29N6Jz4mI,2514636114c2431a903f1cad7eaf72e5,2026-06-18T21:22:15.802994Z,0,no words ,b999783e787c49f1b4f8e0c1a30856b7
spotify:track:3wOgRFB76sCuD29N6Jz4mI,0c04c978ff14409e9018621377b6b7e9,2026-06-21T14:12:27.008758Z,0,this is so funny bruh he sounds so tiny,b999783e787c49f1b4f8e0c1a30856b7
spotify:track:46nJ8ZPiUX4TuvCey0Wcz1,043c232c2e1040a2bc082eac10f81f12,2026-06-18T00:23:27.513807Z,3,Stupid theme,b999783e787c49f1b4f8e0c1a30856b7
spotify:track:46nJ8ZPiUX4TuvCey0Wcz1,b610d55f12f147b89502873c4b93e5ef,2026-06-21T22:33:05.556632Z,1,"HAHAHHAHAHA not sure if this is brainrot but a legendary tune in comedic rap so gets a vote

Guess: Baker",b999783e787c49f1b4f8e0c1a30856b7
spotify:track:46nJ8ZPiUX4TuvCey0Wcz1,6521770c9aeb4bffb740a9141e624077,2026-06-18T01:29:02.963376Z,1,The chorus is catchy but this is weird story telling,b999783e787c49f1b4f8e0c1a30856b7
spotify:track:46nJ8ZPiUX4TuvCey0Wcz1,eab45a88f95d4ae893e32ca723946d60,2026-06-18T06:51:52.885472Z,0,Nope nope nope nope nope nope,b999783e787c49f1b4f8e0c1a30856b7
spotify:track:46nJ8ZPiUX4TuvCey0Wcz1,8ad71d9554d24eaf877dda25758aae45,2026-06-20T01:25:40.075871Z,0,the verses are just not pleasant to listen to,b999783e787c49f1b4f8e0c1a30856b7
spotify:track:46nJ8ZPiUX4TuvCey0Wcz1,80213310c71e48b297cb1223ff34a32c,2026-06-19T16:58:44.756058Z,0,A little freaky but didn’t make me feel like I was losing brain cells,b999783e787c49f1b4f8e0c1a30856b7
spotify:track:46nJ8ZPiUX4TuvCey0Wcz1,2514636114c2431a903f1cad7eaf72e5,2026-06-18T21:22:15.802994Z,0,it just makes me so sad that people listen to this and enjoy it,b999783e787c49f1b4f8e0c1a30856b7
spotify:track:46nJ8ZPiUX4TuvCey0Wcz1,1cd356096fa0498aa955acf21944c65d,2026-06-19T17:06:03.782213Z,0,meme rappers =\= brainrot ,b999783e787c49f1b4f8e0c1a30856b7
spotify:track:46nJ8ZPiUX4TuvCey0Wcz1,0c04c978ff14409e9018621377b6b7e9,2026-06-21T14:12:27.008758Z,0,this just kinda keeps going bro,b999783e787c49f1b4f8e0c1a30856b7
spotify:track:56nLHj9HJr3xpbLarnr0l4,8ad71d9554d24eaf877dda25758aae45,2026-06-20T01:25:40.075871Z,2,the spotify picture thing (im blanking on the name for that) really sells the bit,b999783e787c49f1b4f8e0c1a30856b7
spotify:track:56nLHj9HJr3xpbLarnr0l4,80213310c71e48b297cb1223ff34a32c,2026-06-19T16:58:44.756058Z,2,This sounds like 2015 monstercat edm with weird ass lyrics. Definitely good brainrot.,b999783e787c49f1b4f8e0c1a30856b7
spotify:track:56nLHj9HJr3xpbLarnr0l4,6521770c9aeb4bffb740a9141e624077,2026-06-18T01:29:02.963376Z,1,Yup this works ,b999783e787c49f1b4f8e0c1a30856b7
spotify:track:56nLHj9HJr3xpbLarnr0l4,eab45a88f95d4ae893e32ca723946d60,2026-06-18T06:51:52.885472Z,0,"I can’t even listen to this one in good conscious jesus christ
I guess it does fit the prompt so there’s that",b999783e787c49f1b4f8e0c1a30856b7
spotify:track:56nLHj9HJr3xpbLarnr0l4,289b6ce1643d401f950a6eb514ddfd36,2026-06-22T00:22:48.635715Z,0,chez is that you ,b999783e787c49f1b4f8e0c1a30856b7
spotify:track:56nLHj9HJr3xpbLarnr0l4,1cd356096fa0498aa955acf21944c65d,2026-06-19T17:06:03.782213Z,0,brain rotting ,b999783e787c49f1b4f8e0c1a30856b7
spotify:track:56nLHj9HJr3xpbLarnr0l4,0c04c978ff14409e9018621377b6b7e9,2026-06-21T14:12:27.008758Z,0,"this reminds me of everytime we touch, but gen z doesnt know about that",b999783e787c49f1b4f8e0c1a30856b7
spotify:track:4w9soAM7IrmYDhSXLp14p6,1cd356096fa0498aa955acf21944c65d,2026-06-19T17:06:03.782213Z,2,honestly you got it bruh ,b999783e787c49f1b4f8e0c1a30856b7
spotify:track:4w9soAM7IrmYDhSXLp14p6,6521770c9aeb4bffb740a9141e624077,2026-06-18T01:29:02.963376Z,1,I don't know just it gets a vote it got almost more rotting as I listened,b999783e787c49f1b4f8e0c1a30856b7
spotify:track:4w9soAM7IrmYDhSXLp14p6,0c04c978ff14409e9018621377b6b7e9,2026-06-21T14:12:27.008758Z,1,"hell yea, a generational voice",b999783e787c49f1b4f8e0c1a30856b7
spotify:track:4w9soAM7IrmYDhSXLp14p6,eab45a88f95d4ae893e32ca723946d60,2026-06-18T06:51:52.885472Z,0,wtf is this shit,b999783e787c49f1b4f8e0c1a30856b7
spotify:track:4w9soAM7IrmYDhSXLp14p6,b610d55f12f147b89502873c4b93e5ef,2026-06-21T22:33:05.556632Z,0,"Hmmmm nah

Guess: Bobo",b999783e787c49f1b4f8e0c1a30856b7
spotify:track:4w9soAM7IrmYDhSXLp14p6,8ad71d9554d24eaf877dda25758aae45,2026-06-20T01:25:40.075871Z,0,this is awful,b999783e787c49f1b4f8e0c1a30856b7
spotify:track:4w9soAM7IrmYDhSXLp14p6,289b6ce1643d401f950a6eb514ddfd36,2026-06-22T00:22:48.635715Z,0,shame on you,b999783e787c49f1b4f8e0c1a30856b7
spotify:track:4w9soAM7IrmYDhSXLp14p6,2514636114c2431a903f1cad7eaf72e5,2026-06-18T21:22:15.802994Z,0,the ven diagram of people who like this song and Whoopee cushions is a circle ,b999783e787c49f1b4f8e0c1a30856b7
spotify:track:39BCr0yKXsGWFsvsfin8sP,eab45a88f95d4ae893e32ca723946d60,2026-06-18T06:51:52.885472Z,2,cute,b999783e787c49f1b4f8e0c1a30856b7
spotify:track:39BCr0yKXsGWFsvsfin8sP,2514636114c2431a903f1cad7eaf72e5,2026-06-18T21:22:15.802994Z,1,second least awful song ,b999783e787c49f1b4f8e0c1a30856b7
spotify:track:39BCr0yKXsGWFsvsfin8sP,b610d55f12f147b89502873c4b93e5ef,2026-06-21T22:33:05.556632Z,0,"Bjork + Grimes + Disco. I’d say this is more just unique than brainrot

Guess: Owen",b999783e787c49f1b4f8e0c1a30856b7
spotify:track:39BCr0yKXsGWFsvsfin8sP,6521770c9aeb4bffb740a9141e624077,2026-06-18T01:29:02.963376Z,0,I don't know after a long time it no longer harmed me but it also felt almost boring ,b999783e787c49f1b4f8e0c1a30856b7
spotify:track:39BCr0yKXsGWFsvsfin8sP,1cd356096fa0498aa955acf21944c65d,2026-06-19T17:06:03.782213Z,0,far from brainrot ,b999783e787c49f1b4f8e0c1a30856b7
spotify:track:39BCr0yKXsGWFsvsfin8sP,0c04c978ff14409e9018621377b6b7e9,2026-06-21T14:12:27.008758Z,0,i like this album but to me it has a different rhythm than brainrot. BONK,b999783e787c49f1b4f8e0c1a30856b7
spotify:track:5YoITs1m0q8UOQ4AW7N5ga,eab45a88f95d4ae893e32ca723946d60,2026-06-18T06:51:52.885472Z,1,Does the job,b999783e787c49f1b4f8e0c1a30856b7
spotify:track:5YoITs1m0q8UOQ4AW7N5ga,0c04c978ff14409e9018621377b6b7e9,2026-06-21T14:12:27.008758Z,1,this is bodega brainrot fs,b999783e787c49f1b4f8e0c1a30856b7
spotify:track:5YoITs1m0q8UOQ4AW7N5ga,b610d55f12f147b89502873c4b93e5ef,2026-06-21T22:33:05.556632Z,0,"Cmon man this is just a party song

Guess: Zach",b999783e787c49f1b4f8e0c1a30856b7
spotify:track:5YoITs1m0q8UOQ4AW7N5ga,8ad71d9554d24eaf877dda25758aae45,2026-06-20T01:25:40.075871Z,0,i am no expert but i think this is just a song no brainrot,b999783e787c49f1b4f8e0c1a30856b7
spotify:track:5YoITs1m0q8UOQ4AW7N5ga,6521770c9aeb4bffb740a9141e624077,2026-06-18T01:29:02.963376Z,0,This is the only one I don't think hits the brain rot. Why is someone in a wheel chair ,b999783e787c49f1b4f8e0c1a30856b7
spotify:track:5YoITs1m0q8UOQ4AW7N5ga,289b6ce1643d401f950a6eb514ddfd36,2026-06-22T00:22:48.635715Z,0,Not brainrot just dance,b999783e787c49f1b4f8e0c1a30856b7
spotify:track:5YoITs1m0q8UOQ4AW7N5ga,1cd356096fa0498aa955acf21944c65d,2026-06-19T17:06:03.782213Z,0,submitting this for brainrot week is aggressively caucasian ,b999783e787c49f1b4f8e0c1a30856b7
spotify:track:6Ztp4Jvpkfv1yf89EajBCb,8ad71d9554d24eaf877dda25758aae45,2026-06-20T01:25:40.075871Z,2,uhhhhh yeah brainrot,b999783e787c49f1b4f8e0c1a30856b7
spotify:track:6Ztp4Jvpkfv1yf89EajBCb,eab45a88f95d4ae893e32ca723946d60,2026-06-18T06:51:52.885472Z,0,This is so so bad,b999783e787c49f1b4f8e0c1a30856b7
spotify:track:6Ztp4Jvpkfv1yf89EajBCb,b610d55f12f147b89502873c4b93e5ef,2026-06-21T22:33:05.556632Z,0,"A classic

Guess: Jecub",b999783e787c49f1b4f8e0c1a30856b7
spotify:track:6Ztp4Jvpkfv1yf89EajBCb,289b6ce1643d401f950a6eb514ddfd36,2026-06-22T00:22:48.635715Z,0,too on the nose imo think harder,b999783e787c49f1b4f8e0c1a30856b7
spotify:track:6Ztp4Jvpkfv1yf89EajBCb,1cd356096fa0498aa955acf21944c65d,2026-06-19T17:06:03.782213Z,0,i can see the train of thought but it is not 2011 !,b999783e787c49f1b4f8e0c1a30856b7
spotify:track:6Ztp4Jvpkfv1yf89EajBCb,0c04c978ff14409e9018621377b6b7e9,2026-06-21T14:12:27.008758Z,0,longest 2 minutes and 40 seconds of my life,b999783e787c49f1b4f8e0c1a30856b7
spotify:track:0pfjJYEeWxhUdHmwWf0yIa,80213310c71e48b297cb1223ff34a32c,2026-06-28T15:15:06.913513Z,5,This is the only song I liked ,5dab41331f744f8692dfd77aee32adbb
spotify:track:0pfjJYEeWxhUdHmwWf0yIa,eab45a88f95d4ae893e32ca723946d60,2026-06-26T19:41:40.820371Z,1,,5dab41331f744f8692dfd77aee32adbb
spotify:track:0pfjJYEeWxhUdHmwWf0yIa,8ad71d9554d24eaf877dda25758aae45,2026-06-27T20:30:01.821843Z,1,same,5dab41331f744f8692dfd77aee32adbb
spotify:track:0pfjJYEeWxhUdHmwWf0yIa,6521770c9aeb4bffb740a9141e624077,2026-06-27T19:07:15.191634Z,1,I like to eat what can I say,5dab41331f744f8692dfd77aee32adbb
spotify:track:0pfjJYEeWxhUdHmwWf0yIa,289b6ce1643d401f950a6eb514ddfd36,2026-06-28T22:21:28.268126Z,1,Production insane. Sick bridge at the end,5dab41331f744f8692dfd77aee32adbb
spotify:track:0pfjJYEeWxhUdHmwWf0yIa,2188964000cf410c8dbf4fd04eb76fed,2026-06-29T01:31:15.010384Z,1,,5dab41331f744f8692dfd77aee32adbb
spotify:track:0pfjJYEeWxhUdHmwWf0yIa,0c04c978ff14409e9018621377b6b7e9,2026-06-26T03:22:23.700531Z,1,what the hell does she mean?,5dab41331f744f8692dfd77aee32adbb
spotify:track:0pfjJYEeWxhUdHmwWf0yIa,1cd356096fa0498aa955acf21944c65d,2026-06-26T23:15:54.625849Z,0,ts good but i keep getting distracted bc a cool bird keeps flying by ,5dab41331f744f8692dfd77aee32adbb
spotify:track:3YB7w4Yq8arVWv68WEebPZ,1cd356096fa0498aa955acf21944c65d,2026-06-26T23:15:54.625849Z,3,i know i talk a lot about white people music but i really am a sucker for white girl bedroom music man ,5dab41331f744f8692dfd77aee32adbb
spotify:track:3YB7w4Yq8arVWv68WEebPZ,289b6ce1643d401f950a6eb514ddfd36,2026-06-28T22:21:28.268126Z,2,"Or maybe this is jecub ??? 

Gotta be the smallest artist thats ever been submitted (Leannie is also a primary artist on the song), 1385 monthly listeners 21k streams on the song",5dab41331f744f8692dfd77aee32adbb
spotify:track:3YB7w4Yq8arVWv68WEebPZ,8ad71d9554d24eaf877dda25758aae45,2026-06-27T20:30:01.821843Z,1,"this sounds like an Alvvays song (complimentary, mostly)",5dab41331f744f8692dfd77aee32adbb
spotify:track:3YB7w4Yq8arVWv68WEebPZ,2514636114c2431a903f1cad7eaf72e5,2026-06-28T13:10:24.71775Z,1,No ones going to have heard this before haha. nice job,5dab41331f744f8692dfd77aee32adbb
spotify:track:3YB7w4Yq8arVWv68WEebPZ,2188964000cf410c8dbf4fd04eb76fed,2026-06-29T01:31:15.010384Z,1,,5dab41331f744f8692dfd77aee32adbb
spotify:track:3YB7w4Yq8arVWv68WEebPZ,043c232c2e1040a2bc082eac10f81f12,2026-06-28T21:40:15.369137Z,1,,5dab41331f744f8692dfd77aee32adbb
spotify:track:3YB7w4Yq8arVWv68WEebPZ,b610d55f12f147b89502873c4b93e5ef,2026-06-26T23:04:57.92484Z,0,"I liked this but it was a little forgettable

Guess: Jecub",5dab41331f744f8692dfd77aee32adbb
spotify:track:3YB7w4Yq8arVWv68WEebPZ,6521770c9aeb4bffb740a9141e624077,2026-06-27T19:07:15.191634Z,0,Very niche,5dab41331f744f8692dfd77aee32adbb
spotify:track:3YB7w4Yq8arVWv68WEebPZ,0c04c978ff14409e9018621377b6b7e9,2026-06-26T03:22:23.700531Z,0,"honestly, what is she talking about?? get away from the highway??",5dab41331f744f8692dfd77aee32adbb
spotify:track:2XftaGClqnkE2hNEhQnR9W,0c04c978ff14409e9018621377b6b7e9,2026-06-26T03:22:23.700531Z,3,"i hear the same 3 afrobeats songs in the back of ubers, so its nice to have a fresh one. i like how clearly i understand 'im making wrong decisions' that line goes so hard

update: HES TALKING ABOUT BUTTS",5dab41331f744f8692dfd77aee32adbb
spotify:track:2XftaGClqnkE2hNEhQnR9W,b610d55f12f147b89502873c4b93e5ef,2026-06-26T23:04:57.92484Z,1,This screams Zach,5dab41331f744f8692dfd77aee32adbb
spotify:track:2XftaGClqnkE2hNEhQnR9W,8ad71d9554d24eaf877dda25758aae45,2026-06-27T20:30:01.821843Z,1,i listened to this song like 4 times maybe and i still have no clue if that caption is a lyric or something from zach's mind,5dab41331f744f8692dfd77aee32adbb
spotify:track:2XftaGClqnkE2hNEhQnR9W,6521770c9aeb4bffb740a9141e624077,2026-06-27T19:07:15.191634Z,1,Can always count on Zach to deliver non us centric music ,5dab41331f744f8692dfd77aee32adbb
spotify:track:2XftaGClqnkE2hNEhQnR9W,289b6ce1643d401f950a6eb514ddfd36,2026-06-28T22:21:28.268126Z,1,"Sounds like itd be in fifa 14 

Could easily be zach but is probably jecub",5dab41331f744f8692dfd77aee32adbb
spotify:track:2XftaGClqnkE2hNEhQnR9W,043c232c2e1040a2bc082eac10f81f12,2026-06-28T21:40:15.369137Z,1,,5dab41331f744f8692dfd77aee32adbb
spotify:track:2XftaGClqnkE2hNEhQnR9W,1cd356096fa0498aa955acf21944c65d,2026-06-26T23:15:54.625849Z,0,pov you beat the violently caucasian allegations ,5dab41331f744f8692dfd77aee32adbb
spotify:track:52Azv06IiF3hZdz2k9IoZn,b610d55f12f147b89502873c4b93e5ef,2026-06-26T23:04:57.92484Z,2,"I like this one a lot. Great hook

Guess: Owen",5dab41331f744f8692dfd77aee32adbb
spotify:track:52Azv06IiF3hZdz2k9IoZn,1cd356096fa0498aa955acf21944c65d,2026-06-26T23:15:54.625849Z,1,this is taylor swift ,5dab41331f744f8692dfd77aee32adbb
spotify:track:52Azv06IiF3hZdz2k9IoZn,043c232c2e1040a2bc082eac10f81f12,2026-06-28T21:40:15.369137Z,1,,5dab41331f744f8692dfd77aee32adbb
spotify:track:52Azv06IiF3hZdz2k9IoZn,8ad71d9554d24eaf877dda25758aae45,2026-06-27T20:30:01.821843Z,0,"i actually have a song saved by this singer, but had not heard this one. its solid i don't love the key change though",5dab41331f744f8692dfd77aee32adbb
spotify:track:52Azv06IiF3hZdz2k9IoZn,80213310c71e48b297cb1223ff34a32c,2026-06-28T15:15:06.913513Z,0,God I hate when they say the name of the song over and over again ,5dab41331f744f8692dfd77aee32adbb
spotify:track:52Azv06IiF3hZdz2k9IoZn,289b6ce1643d401f950a6eb514ddfd36,2026-06-28T22:21:28.268126Z,0,Musical vibes for sure,5dab41331f744f8692dfd77aee32adbb
spotify:track:52Azv06IiF3hZdz2k9IoZn,2514636114c2431a903f1cad7eaf72e5,2026-06-28T13:10:24.71775Z,0,fun but not my vibe,5dab41331f744f8692dfd77aee32adbb
spotify:track:52Azv06IiF3hZdz2k9IoZn,0c04c978ff14409e9018621377b6b7e9,2026-06-26T03:22:23.700531Z,0,"haley blais is on the same label i think (canada), you should check her out",5dab41331f744f8692dfd77aee32adbb
spotify:track:0IGjUHYbwnK6Bo8u79d2E3,6521770c9aeb4bffb740a9141e624077,2026-06-27T19:07:15.191634Z,3,Absolutely baller to submit a band with 3.8M monthly listeners this week and knowing that you're still right. Also I just had this on repeat,5dab41331f744f8692dfd77aee32adbb
spotify:track:0IGjUHYbwnK6Bo8u79d2E3,1cd356096fa0498aa955acf21944c65d,2026-06-26T23:15:54.625849Z,1,ts sounds like fifth harmony but in a good way ,5dab41331f744f8692dfd77aee32adbb
spotify:track:0IGjUHYbwnK6Bo8u79d2E3,b610d55f12f147b89502873c4b93e5ef,2026-06-26T23:04:57.92484Z,0,"Damn she horny

Guess: Vish",5dab41331f744f8692dfd77aee32adbb
spotify:track:0IGjUHYbwnK6Bo8u79d2E3,8ad71d9554d24eaf877dda25758aae45,2026-06-27T20:30:01.821843Z,0,I decided it'd be fun to take a risk and submit a song with 37 mil spotify streams. I dont think yall arent listening to british girl groups like that,5dab41331f744f8692dfd77aee32adbb
spotify:track:0IGjUHYbwnK6Bo8u79d2E3,80213310c71e48b297cb1223ff34a32c,2026-06-28T15:15:06.913513Z,0,I’ve heard this,5dab41331f744f8692dfd77aee32adbb
spotify:track:0IGjUHYbwnK6Bo8u79d2E3,289b6ce1643d401f950a6eb514ddfd36,2026-06-28T22:21:28.268126Z,0,No. ,5dab41331f744f8692dfd77aee32adbb
spotify:track:0IGjUHYbwnK6Bo8u79d2E3,2514636114c2431a903f1cad7eaf72e5,2026-06-28T13:10:24.71775Z,0,sadly I have heard this before. The other Flo song I have saved it Suite Life,5dab41331f744f8692dfd77aee32adbb
spotify:track:0IGjUHYbwnK6Bo8u79d2E3,0c04c978ff14409e9018621377b6b7e9,2026-06-26T03:22:23.700531Z,0,"ive heard the breakdown at the end before, and its the best part of the song. i honestly wish they extended that part bc the harmonies are so good.",5dab41331f744f8692dfd77aee32adbb
spotify:track:7bp8Hrl65fhUKiyoAfR5WA,eab45a88f95d4ae893e32ca723946d60,2026-06-26T19:41:40.820371Z,3,,5dab41331f744f8692dfd77aee32adbb
spotify:track:7bp8Hrl65fhUKiyoAfR5WA,b610d55f12f147b89502873c4b93e5ef,2026-06-26T23:04:57.92484Z,1,"How ominous. Marriage is weird if you really think about it but so is everything

Guess: Bobo",5dab41331f744f8692dfd77aee32adbb
spotify:track:7bp8Hrl65fhUKiyoAfR5WA,8ad71d9554d24eaf877dda25758aae45,2026-06-27T20:30:01.821843Z,0,This is the 2nd time in the last 3 weeks Zach has confidently incorrectly told me which song was mine. Have heard it tho,5dab41331f744f8692dfd77aee32adbb
spotify:track:7bp8Hrl65fhUKiyoAfR5WA,6521770c9aeb4bffb740a9141e624077,2026-06-27T19:07:15.191634Z,0,Can always count on Michael for more delacey bangers,5dab41331f744f8692dfd77aee32adbb
spotify:track:7bp8Hrl65fhUKiyoAfR5WA,289b6ce1643d401f950a6eb514ddfd36,2026-06-28T22:21:28.268126Z,0,.,5dab41331f744f8692dfd77aee32adbb
spotify:track:7bp8Hrl65fhUKiyoAfR5WA,2514636114c2431a903f1cad7eaf72e5,2026-06-28T13:10:24.71775Z,0,I have a couple delacey songs saved (unlovable and drive baby (banger)) and i do like this one too. sadly i have heard it a few times before,5dab41331f744f8692dfd77aee32adbb
spotify:track:7bp8Hrl65fhUKiyoAfR5WA,0c04c978ff14409e9018621377b6b7e9,2026-06-26T03:22:23.700531Z,0,"yo this reminds me of ginas old cowrker who got married, divorced, fired, and arrested in a 12 month period. works for palantir now.",5dab41331f744f8692dfd77aee32adbb
spotify:track:0il7LJ828XyPqyvNx9cF5S,8ad71d9554d24eaf877dda25758aae45,2026-06-27T20:30:01.821843Z,2,i'm guessing this is cub but im hoping its not cause i'd be happy someone else has this in their bag if so,5dab41331f744f8692dfd77aee32adbb
spotify:track:0il7LJ828XyPqyvNx9cF5S,2514636114c2431a903f1cad7eaf72e5,2026-06-28T13:10:24.71775Z,2,this is super cool. Its slower than I would usually like ,5dab41331f744f8692dfd77aee32adbb
spotify:track:0il7LJ828XyPqyvNx9cF5S,b610d55f12f147b89502873c4b93e5ef,2026-06-26T23:04:57.92484Z,0,"A little forgettable but beautiful

Guess: Baker",5dab41331f744f8692dfd77aee32adbb
spotify:track:0il7LJ828XyPqyvNx9cF5S,80213310c71e48b297cb1223ff34a32c,2026-06-28T15:15:06.913513Z,0,🥱,5dab41331f744f8692dfd77aee32adbb
spotify:track:0il7LJ828XyPqyvNx9cF5S,6521770c9aeb4bffb740a9141e624077,2026-06-27T19:07:15.191634Z,0,This feels like it would be a really good needle drop,5dab41331f744f8692dfd77aee32adbb
spotify:track:0il7LJ828XyPqyvNx9cF5S,289b6ce1643d401f950a6eb514ddfd36,2026-06-28T22:21:28.268126Z,0,I can def get behind whatever this is i think,5dab41331f744f8692dfd77aee32adbb
spotify:track:0il7LJ828XyPqyvNx9cF5S,0c04c978ff14409e9018621377b6b7e9,2026-06-26T03:22:23.700531Z,0,its missing something for me. theyre a little raw i bet their next album is gonna be great.,5dab41331f744f8692dfd77aee32adbb
spotify:track:0ccCwNzXvr1Yoz91vKz31Z,eab45a88f95d4ae893e32ca723946d60,2026-06-26T19:41:40.820371Z,1,,5dab41331f744f8692dfd77aee32adbb
spotify:track:0ccCwNzXvr1Yoz91vKz31Z,b610d55f12f147b89502873c4b93e5ef,2026-06-26T23:04:57.92484Z,1,"A little repetitive but I appreciate the creativity

Guess: Chuck",5dab41331f744f8692dfd77aee32adbb
spotify:track:0ccCwNzXvr1Yoz91vKz31Z,0c04c978ff14409e9018621377b6b7e9,2026-06-26T03:22:23.700531Z,1,flaming lips i was unfamiliar with your game. limited to 1 vote because of course matthew knows this song.,5dab41331f744f8692dfd77aee32adbb
spotify:track:0ccCwNzXvr1Yoz91vKz31Z,8ad71d9554d24eaf877dda25758aae45,2026-06-27T20:30:01.821843Z,0,Lol this was on rock band 3 on the wii I know this,5dab41331f744f8692dfd77aee32adbb
spotify:track:0ccCwNzXvr1Yoz91vKz31Z,6521770c9aeb4bffb740a9141e624077,2026-06-27T19:07:15.191634Z,0,I have listened to this. I feel like Jason lips really likes it. I think fielding showed me this song as a renaissance but heard it first from my brother. ,5dab41331f744f8692dfd77aee32adbb
spotify:track:0ccCwNzXvr1Yoz91vKz31Z,289b6ce1643d401f950a6eb514ddfd36,2026-06-28T22:21:28.268126Z,0,"This is good but i cant stand any song that talks about a random woman in the third person like that in the opening

But its still a good song",5dab41331f744f8692dfd77aee32adbb
spotify:track:0ccCwNzXvr1Yoz91vKz31Z,2514636114c2431a903f1cad7eaf72e5,2026-06-28T13:10:24.71775Z,0,This is an interesting one but not my vibe. glad I heard it,5dab41331f744f8692dfd77aee32adbb
spotify:track:0ccCwNzXvr1Yoz91vKz31Z,1cd356096fa0498aa955acf21944c65d,2026-06-26T23:15:54.625849Z,0,wpm,5dab41331f744f8692dfd77aee32adbb
spotify:track:1hSd9wVOZKN9bkctsRMSJM,289b6ce1643d401f950a6eb514ddfd36,2026-06-28T22:21:28.268126Z,1,Scratch these balls in your mouth,5dab41331f744f8692dfd77aee32adbb
spotify:track:1hSd9wVOZKN9bkctsRMSJM,2188964000cf410c8dbf4fd04eb76fed,2026-06-29T01:31:15.010384Z,1,,5dab41331f744f8692dfd77aee32adbb
spotify:track:1hSd9wVOZKN9bkctsRMSJM,043c232c2e1040a2bc082eac10f81f12,2026-06-28T21:40:15.369137Z,1,,5dab41331f744f8692dfd77aee32adbb
spotify:track:1hSd9wVOZKN9bkctsRMSJM,b610d55f12f147b89502873c4b93e5ef,2026-06-26T23:04:57.92484Z,0,"She’s a really good vocalist. This song blended in for me tho

Guess: James",5dab41331f744f8692dfd77aee32adbb
spotify:track:1hSd9wVOZKN9bkctsRMSJM,8ad71d9554d24eaf877dda25758aae45,2026-06-27T20:30:01.821843Z,0,Yeah this 'symba' cost you a vote his verse is terrible,5dab41331f744f8692dfd77aee32adbb
spotify:track:1hSd9wVOZKN9bkctsRMSJM,6521770c9aeb4bffb740a9141e624077,2026-06-27T19:07:15.191634Z,0,This was solid reminds me a bunch of a guy that started making music in my year at usc (complimentary),5dab41331f744f8692dfd77aee32adbb
spotify:track:1hSd9wVOZKN9bkctsRMSJM,2514636114c2431a903f1cad7eaf72e5,2026-06-28T13:10:24.71775Z,0,I do like this,5dab41331f744f8692dfd77aee32adbb
spotify:track:1hSd9wVOZKN9bkctsRMSJM,0c04c978ff14409e9018621377b6b7e9,2026-06-26T03:22:23.700531Z,0,haha why is she eating her hair like its fruit by the foot?,5dab41331f744f8692dfd77aee32adbb
spotify:track:7IuwuUCqK3nV6AzgsXSL97,2188964000cf410c8dbf4fd04eb76fed,2026-06-29T01:31:15.010384Z,2,,5dab41331f744f8692dfd77aee32adbb
spotify:track:7IuwuUCqK3nV6AzgsXSL97,043c232c2e1040a2bc082eac10f81f12,2026-06-28T21:40:15.369137Z,1,,5dab41331f744f8692dfd77aee32adbb
spotify:track:7IuwuUCqK3nV6AzgsXSL97,b610d55f12f147b89502873c4b93e5ef,2026-06-26T23:04:57.92484Z,0,"Neat little tune

Guess: Michael",5dab41331f744f8692dfd77aee32adbb
spotify:track:7IuwuUCqK3nV6AzgsXSL97,8ad71d9554d24eaf877dda25758aae45,2026-06-27T20:30:01.821843Z,0,this was a tough cut,5dab41331f744f8692dfd77aee32adbb
spotify:track:7IuwuUCqK3nV6AzgsXSL97,6521770c9aeb4bffb740a9141e624077,2026-06-27T19:07:15.191634Z,0,I do be fucking with this band though and this is a solid addition ,5dab41331f744f8692dfd77aee32adbb
spotify:track:7IuwuUCqK3nV6AzgsXSL97,289b6ce1643d401f950a6eb514ddfd36,2026-06-28T22:21:28.268126Z,0,"Matthew ?

Lily flipped shit when she saw me listening to this",5dab41331f744f8692dfd77aee32adbb
spotify:track:7IuwuUCqK3nV6AzgsXSL97,2514636114c2431a903f1cad7eaf72e5,2026-06-28T13:10:24.71775Z,0,good one but not really my style,5dab41331f744f8692dfd77aee32adbb
spotify:track:7IuwuUCqK3nV6AzgsXSL97,1cd356096fa0498aa955acf21944c65d,2026-06-26T23:15:54.625849Z,0,this the type of song i put on when someone erroneously claims virginia wqs the first state when washington was RIGHT THERE ,5dab41331f744f8692dfd77aee32adbb
spotify:track:7IuwuUCqK3nV6AzgsXSL97,0c04c978ff14409e9018621377b6b7e9,2026-06-26T03:22:23.700531Z,0,ive listened to this 5 times and i have zero opinions. this song is incapable of firing a single neuron in my brain.,5dab41331f744f8692dfd77aee32adbb
spotify:track:33qNddRMsewr8IrfFejFZs,2514636114c2431a903f1cad7eaf72e5,2026-06-28T13:10:24.71775Z,2,sounds like a fifa song ,5dab41331f744f8692dfd77aee32adbb
spotify:track:33qNddRMsewr8IrfFejFZs,b610d55f12f147b89502873c4b93e5ef,2026-06-26T23:04:57.92484Z,0,"I have not heard this before lol

Guess: Matthew",5dab41331f744f8692dfd77aee32adbb
spotify:track:33qNddRMsewr8IrfFejFZs,8ad71d9554d24eaf877dda25758aae45,2026-06-27T20:30:01.821843Z,0,fifa song lol,5dab41331f744f8692dfd77aee32adbb
spotify:track:33qNddRMsewr8IrfFejFZs,80213310c71e48b297cb1223ff34a32c,2026-06-28T15:15:06.913513Z,0,This was on a fifa soundtrack you can’t fool me ,5dab41331f744f8692dfd77aee32adbb
spotify:track:33qNddRMsewr8IrfFejFZs,6521770c9aeb4bffb740a9141e624077,2026-06-27T19:07:15.191634Z,0,There's a part of me that feels like I've heard this it's right in my wheelhouse vibes wise,5dab41331f744f8692dfd77aee32adbb
spotify:track:33qNddRMsewr8IrfFejFZs,1cd356096fa0498aa955acf21944c65d,2026-06-26T23:15:54.625849Z,0,you’re young james young & this song comes on after you try to make a black character in NHL 17 but the only black hairstyle they have is the Killmonger cut ,5dab41331f744f8692dfd77aee32adbb
spotify:track:33qNddRMsewr8IrfFejFZs,0c04c978ff14409e9018621377b6b7e9,2026-06-26T03:22:23.700531Z,0,"unfortunately FIFA 13 is the only one ive ever played extensively, so I cannot vote for this. 2 door cinema club vibes",5dab41331f744f8692dfd77aee32adbb
spotify:track:2DnJjbjNTV9Nd5NOa1KGba,2188964000cf410c8dbf4fd04eb76fed,2026-07-06T01:26:02.146135Z,3,,62be1b397594426c8140ca2ea9b70325
spotify:track:2DnJjbjNTV9Nd5NOa1KGba,b610d55f12f147b89502873c4b93e5ef,2026-07-05T18:38:37.722984Z,2,"Excellent pick. Crazy cover art though

Guess: Bakish Columbia",62be1b397594426c8140ca2ea9b70325
spotify:track:2DnJjbjNTV9Nd5NOa1KGba,6521770c9aeb4bffb740a9141e624077,2026-07-05T19:27:34.915733Z,2,Yes,62be1b397594426c8140ca2ea9b70325
spotify:track:2DnJjbjNTV9Nd5NOa1KGba,eab45a88f95d4ae893e32ca723946d60,2026-07-03T01:03:58.720913Z,1,,62be1b397594426c8140ca2ea9b70325
spotify:track:2DnJjbjNTV9Nd5NOa1KGba,289b6ce1643d401f950a6eb514ddfd36,2026-07-05T23:32:48.443516Z,1,"Honestly you may have gotten super lucky w this submission. I played it and lily started singing every single word. Which, ngl, made it go so much harder",62be1b397594426c8140ca2ea9b70325
spotify:track:2DnJjbjNTV9Nd5NOa1KGba,0c04c978ff14409e9018621377b6b7e9,2026-07-06T01:47:18.332488Z,1,Never gave this a proper listen because I was always distracted,62be1b397594426c8140ca2ea9b70325
spotify:track:2DnJjbjNTV9Nd5NOa1KGba,043c232c2e1040a2bc082eac10f81f12,2026-07-04T21:11:53.088866Z,1,,62be1b397594426c8140ca2ea9b70325
spotify:track:2DnJjbjNTV9Nd5NOa1KGba,8ad71d9554d24eaf877dda25758aae45,2026-07-06T00:19:55.45263Z,0,Yoooure so vain,62be1b397594426c8140ca2ea9b70325
spotify:track:2DnJjbjNTV9Nd5NOa1KGba,1cd356096fa0498aa955acf21944c65d,2026-07-05T03:37:12.144134Z,0,what’s the song about then ,62be1b397594426c8140ca2ea9b70325
spotify:track:5EnB5bMgPdFpp8eljXPRCM,8ad71d9554d24eaf877dda25758aae45,2026-07-06T00:19:55.45263Z,3,Did not expect this to be my favorite when I saw the list but just shows I should stop being racist ,62be1b397594426c8140ca2ea9b70325
spotify:track:5EnB5bMgPdFpp8eljXPRCM,289b6ce1643d401f950a6eb514ddfd36,2026-07-05T23:32:48.443516Z,2,that breathing stimmy goes so fucking hard,62be1b397594426c8140ca2ea9b70325
spotify:track:5EnB5bMgPdFpp8eljXPRCM,eab45a88f95d4ae893e32ca723946d60,2026-07-03T01:03:58.720913Z,1,Love the throat vocal things,62be1b397594426c8140ca2ea9b70325
spotify:track:5EnB5bMgPdFpp8eljXPRCM,b610d55f12f147b89502873c4b93e5ef,2026-07-05T18:38:37.722984Z,1,"This grew on me substantially. I’ll count it as a reference to Canada. Were tf did you find these guys? Sounds like one republic meets Mongolian throat singing

Guess: Bobontario",62be1b397594426c8140ca2ea9b70325
spotify:track:5EnB5bMgPdFpp8eljXPRCM,6521770c9aeb4bffb740a9141e624077,2026-07-05T19:27:34.915733Z,1,Woah ,62be1b397594426c8140ca2ea9b70325
spotify:track:5EnB5bMgPdFpp8eljXPRCM,2514636114c2431a903f1cad7eaf72e5,2026-07-05T19:36:43.648325Z,1,this is an absolute bonkers submission. Only in music league ,62be1b397594426c8140ca2ea9b70325
spotify:track:5EnB5bMgPdFpp8eljXPRCM,1cd356096fa0498aa955acf21944c65d,2026-07-05T03:37:12.144134Z,1,"bob you have to have the most identifiable music league footprint 

good submission 
",62be1b397594426c8140ca2ea9b70325
spotify:track:5EnB5bMgPdFpp8eljXPRCM,0c04c978ff14409e9018621377b6b7e9,2026-07-06T01:47:18.332488Z,0,kinda sick they had stomp and holler up there,62be1b397594426c8140ca2ea9b70325
spotify:track:3gQMqeXqiHFCafaTtFnHF8,0c04c978ff14409e9018621377b6b7e9,2026-07-06T01:47:18.332488Z,2,Neil young somehow makes this place sound idyllic. I’ve listened to this 100 times in the last year ,62be1b397594426c8140ca2ea9b70325
spotify:track:3gQMqeXqiHFCafaTtFnHF8,eab45a88f95d4ae893e32ca723946d60,2026-07-03T01:03:58.720913Z,1,,62be1b397594426c8140ca2ea9b70325
spotify:track:3gQMqeXqiHFCafaTtFnHF8,289b6ce1643d401f950a6eb514ddfd36,2026-07-05T23:32:48.443516Z,1,Hit me with a soothing velvetty voice like that again i will fight you,62be1b397594426c8140ca2ea9b70325
spotify:track:3gQMqeXqiHFCafaTtFnHF8,1cd356096fa0498aa955acf21944c65d,2026-07-05T03:37:12.144134Z,1,i didn’t think i’d be fixkkng w this but i really am ,62be1b397594426c8140ca2ea9b70325
spotify:track:3gQMqeXqiHFCafaTtFnHF8,b610d55f12f147b89502873c4b93e5ef,2026-07-05T18:38:37.722984Z,0,"🥱🥱🥱

Guess: Jecubebec",62be1b397594426c8140ca2ea9b70325
spotify:track:3gQMqeXqiHFCafaTtFnHF8,6521770c9aeb4bffb740a9141e624077,2026-07-05T19:27:34.915733Z,0,Yeah,62be1b397594426c8140ca2ea9b70325
spotify:track:6awhWWYLg8awVru55g7Fji,6521770c9aeb4bffb740a9141e624077,2026-07-05T19:27:34.915733Z,2,Nice,62be1b397594426c8140ca2ea9b70325
spotify:track:6awhWWYLg8awVru55g7Fji,2514636114c2431a903f1cad7eaf72e5,2026-07-05T19:36:43.648325Z,1,she looks like someone from Calgary. You know they’re bumping this at calgarian house parties. There’s probably a house remix of it. ,62be1b397594426c8140ca2ea9b70325
spotify:track:6awhWWYLg8awVru55g7Fji,1cd356096fa0498aa955acf21944c65d,2026-07-05T03:37:12.144134Z,1,"white girl music > white peoples music, good job chester 

tangent: her california dreamin cover is great wow",62be1b397594426c8140ca2ea9b70325
spotify:track:6awhWWYLg8awVru55g7Fji,043c232c2e1040a2bc082eac10f81f12,2026-07-04T21:11:53.088866Z,1,,62be1b397594426c8140ca2ea9b70325
spotify:track:6awhWWYLg8awVru55g7Fji,b610d55f12f147b89502873c4b93e5ef,2026-07-05T18:38:37.722984Z,0,"Thanks for the clarification comment lol. Neat little song but nothing crazy imo

Guess: Canadowen",62be1b397594426c8140ca2ea9b70325
spotify:track:6awhWWYLg8awVru55g7Fji,0c04c978ff14409e9018621377b6b7e9,2026-07-06T01:47:18.332488Z,0,missing something for me but another hazel English song played after this playlist and I really fucked with that one,62be1b397594426c8140ca2ea9b70325
spotify:track:6qwFuoKqoDI1lOifvEVrPP,eab45a88f95d4ae893e32ca723946d60,2026-07-03T01:03:58.720913Z,2,beat is so good,62be1b397594426c8140ca2ea9b70325
spotify:track:6qwFuoKqoDI1lOifvEVrPP,8ad71d9554d24eaf877dda25758aae45,2026-07-06T00:19:55.45263Z,1,Idk song was fine but coolest Canada reference so ill give a vote this week,62be1b397594426c8140ca2ea9b70325
spotify:track:6qwFuoKqoDI1lOifvEVrPP,043c232c2e1040a2bc082eac10f81f12,2026-07-04T21:11:53.088866Z,1,,62be1b397594426c8140ca2ea9b70325
spotify:track:6qwFuoKqoDI1lOifvEVrPP,b610d55f12f147b89502873c4b93e5ef,2026-07-05T18:38:37.722984Z,0,"I heard several cities and counties but did not catch a reference to Canada in this one

Guess: Jamesipeg",62be1b397594426c8140ca2ea9b70325
spotify:track:6qwFuoKqoDI1lOifvEVrPP,6521770c9aeb4bffb740a9141e624077,2026-07-05T19:27:34.915733Z,0,Phife?,62be1b397594426c8140ca2ea9b70325
spotify:track:6qwFuoKqoDI1lOifvEVrPP,289b6ce1643d401f950a6eb514ddfd36,2026-07-05T23:32:48.443516Z,0,I once saw large professor perform…. for 2 hours,62be1b397594426c8140ca2ea9b70325
spotify:track:6qwFuoKqoDI1lOifvEVrPP,1cd356096fa0498aa955acf21944c65d,2026-07-05T03:37:12.144134Z,0,"Mario Lemieux (/ləˈmjuː/; French: [ləmjø]; born October 5, 1965) is a Canadian former professional ice hockey player. He played parts of 17 seasons in the National Hockey League (NHL) for the Pittsburgh Penguins between 1984 and 2005, and he assumed ownership of the franchise in 1999. Nicknamed ""the Magnificent One"" (""Le Magnifique"") and ""Super Mario"", Lemieux is widely regarded as one of the greatest players of all time for his combination of size, strength, athleticism, and creativity.",62be1b397594426c8140ca2ea9b70325
spotify:track:6qwFuoKqoDI1lOifvEVrPP,0c04c978ff14409e9018621377b6b7e9,2026-07-06T01:47:18.332488Z,0,they reference like 60 places which kinda waters it down. still fire tho,62be1b397594426c8140ca2ea9b70325
spotify:track:3kZC0ZmFWrEHdUCmUqlvgZ,8ad71d9554d24eaf877dda25758aae45,2026-07-06T00:19:55.45263Z,1,Noted music league staple death cab for cutie,62be1b397594426c8140ca2ea9b70325
spotify:track:3kZC0ZmFWrEHdUCmUqlvgZ,0c04c978ff14409e9018621377b6b7e9,2026-07-06T01:47:18.332488Z,1, i almost submitted this bad Larry. it’s my favorite cutie song by far,62be1b397594426c8140ca2ea9b70325
spotify:track:3kZC0ZmFWrEHdUCmUqlvgZ,043c232c2e1040a2bc082eac10f81f12,2026-07-04T21:11:53.088866Z,1,,62be1b397594426c8140ca2ea9b70325
spotify:track:3kZC0ZmFWrEHdUCmUqlvgZ,eab45a88f95d4ae893e32ca723946d60,2026-07-03T01:03:58.720913Z,0,My mom used to play this when she drove my brother and I to middle school,62be1b397594426c8140ca2ea9b70325
spotify:track:3kZC0ZmFWrEHdUCmUqlvgZ,b610d55f12f147b89502873c4b93e5ef,2026-07-05T18:38:37.722984Z,0,"This is a solid tune but nothing special imo

Guess: Matthewmonton",62be1b397594426c8140ca2ea9b70325
spotify:track:3kZC0ZmFWrEHdUCmUqlvgZ,2514636114c2431a903f1cad7eaf72e5,2026-07-05T19:36:43.648325Z,0,This prompt may have been too easy. Next season’s will have to be harder. I’m thinking “song that has a reference to Thailand.” Just brainstorming here ,62be1b397594426c8140ca2ea9b70325
spotify:track:3kZC0ZmFWrEHdUCmUqlvgZ,1cd356096fa0498aa955acf21944c65d,2026-07-05T03:37:12.144134Z,0,"from the cock to the ry, in 3:09 i’ll be free",62be1b397594426c8140ca2ea9b70325
spotify:track:1qbjCGGsZpEq56QgvtJoX7,2514636114c2431a903f1cad7eaf72e5,2026-07-05T19:36:43.648325Z,2,I believe you. Good song ,62be1b397594426c8140ca2ea9b70325
spotify:track:1qbjCGGsZpEq56QgvtJoX7,b610d55f12f147b89502873c4b93e5ef,2026-07-05T18:38:37.722984Z,1,"Ok I like the pull

Guess: Michaelberta",62be1b397594426c8140ca2ea9b70325
spotify:track:1qbjCGGsZpEq56QgvtJoX7,8ad71d9554d24eaf877dda25758aae45,2026-07-06T00:19:55.45263Z,0,I think this is a song id like if it was sung by a woman,62be1b397594426c8140ca2ea9b70325
spotify:track:1qbjCGGsZpEq56QgvtJoX7,6521770c9aeb4bffb740a9141e624077,2026-07-05T19:27:34.915733Z,0,Solid,62be1b397594426c8140ca2ea9b70325
spotify:track:1qbjCGGsZpEq56QgvtJoX7,0c04c978ff14409e9018621377b6b7e9,2026-07-06T01:47:18.332488Z,0,I’ve been trying to submit peach pit for a while ,62be1b397594426c8140ca2ea9b70325
spotify:track:2cA9RA2kuwsR7OBQ2LIEIe,1cd356096fa0498aa955acf21944c65d,2026-07-05T03:37:12.144134Z,2,"if i had a nickel for every song in the canada week that had the line „you probably think this song about you“

allez Montréal",62be1b397594426c8140ca2ea9b70325
spotify:track:2cA9RA2kuwsR7OBQ2LIEIe,289b6ce1643d401f950a6eb514ddfd36,2026-07-05T23:32:48.443516Z,1,Casually gonna ascend to the heavens w this one ,62be1b397594426c8140ca2ea9b70325
spotify:track:2cA9RA2kuwsR7OBQ2LIEIe,eab45a88f95d4ae893e32ca723946d60,2026-07-03T01:03:58.720913Z,0,not what I was looking for this week,62be1b397594426c8140ca2ea9b70325
spotify:track:2cA9RA2kuwsR7OBQ2LIEIe,6521770c9aeb4bffb740a9141e624077,2026-07-05T19:27:34.915733Z,0,Nope,62be1b397594426c8140ca2ea9b70325
spotify:track:2cA9RA2kuwsR7OBQ2LIEIe,2514636114c2431a903f1cad7eaf72e5,2026-07-05T19:36:43.648325Z,0,almost as basic as Drake. It’s a top 63 weeknd song for sure,62be1b397594426c8140ca2ea9b70325
spotify:track:2cA9RA2kuwsR7OBQ2LIEIe,0c04c978ff14409e9018621377b6b7e9,2026-07-06T01:47:18.332488Z,0,So much FRENCH,62be1b397594426c8140ca2ea9b70325
spotify:track:0FnxK9FEAQyPJ284QcieNb,2188964000cf410c8dbf4fd04eb76fed,2026-07-06T01:26:02.146135Z,2,,62be1b397594426c8140ca2ea9b70325
spotify:track:0FnxK9FEAQyPJ284QcieNb,eab45a88f95d4ae893e32ca723946d60,2026-07-03T01:03:58.720913Z,0,"can’t vote for this bc:
1) it’s Drake
2) it’s Drake featuring Drake",62be1b397594426c8140ca2ea9b70325
spotify:track:0FnxK9FEAQyPJ284QcieNb,b610d55f12f147b89502873c4b93e5ef,2026-07-05T18:38:37.722984Z,0,"Honestly a sick beat. Unfortunately Drake is just corny and I can’t justify a vote for this

Guess: Vishtreal",62be1b397594426c8140ca2ea9b70325
spotify:track:0FnxK9FEAQyPJ284QcieNb,8ad71d9554d24eaf877dda25758aae45,2026-07-06T00:19:55.45263Z,0,Not only a basic option but not even good,62be1b397594426c8140ca2ea9b70325
spotify:track:0FnxK9FEAQyPJ284QcieNb,6521770c9aeb4bffb740a9141e624077,2026-07-05T19:27:34.915733Z,0,Really... Drake?,62be1b397594426c8140ca2ea9b70325
spotify:track:0FnxK9FEAQyPJ284QcieNb,2514636114c2431a903f1cad7eaf72e5,2026-07-05T19:36:43.648325Z,0,Apologies in the song’s comment. Disgraceful. Never seen that before,62be1b397594426c8140ca2ea9b70325
spotify:track:0FnxK9FEAQyPJ284QcieNb,1cd356096fa0498aa955acf21944c65d,2026-07-05T03:37:12.144134Z,0,"yeah im having nunavut (get it, canada reference in the voting >>>)",62be1b397594426c8140ca2ea9b70325
spotify:track:0FnxK9FEAQyPJ284QcieNb,0c04c978ff14409e9018621377b6b7e9,2026-07-06T01:47:18.332488Z,0,I can’t get on board for this type of Drake ,62be1b397594426c8140ca2ea9b70325
spotify:track:1UHNE0jTu89d2uN1ckDGPd,0c04c978ff14409e9018621377b6b7e9,2026-07-06T01:47:18.332488Z,1,,62be1b397594426c8140ca2ea9b70325
spotify:track:1UHNE0jTu89d2uN1ckDGPd,b610d55f12f147b89502873c4b93e5ef,2026-07-05T18:38:37.722984Z,0,"I thought the song title was gonna be in Canada but nope. Reference to Canada unclear but I love this song

Guess: Chuckalgary",62be1b397594426c8140ca2ea9b70325
spotify:track:1UHNE0jTu89d2uN1ckDGPd,8ad71d9554d24eaf877dda25758aae45,2026-07-06T00:19:55.45263Z,0,Sorry if this is offensive but he kinda sounds like Lil dicky,62be1b397594426c8140ca2ea9b70325
spotify:track:1UHNE0jTu89d2uN1ckDGPd,6521770c9aeb4bffb740a9141e624077,2026-07-05T19:27:34.915733Z,0,Hmmm,62be1b397594426c8140ca2ea9b70325
spotify:track:1UHNE0jTu89d2uN1ckDGPd,289b6ce1643d401f950a6eb514ddfd36,2026-07-05T23:32:48.443516Z,0,Dope drums,62be1b397594426c8140ca2ea9b70325
spotify:track:1UHNE0jTu89d2uN1ckDGPd,1cd356096fa0498aa955acf21944c65d,2026-07-05T03:37:12.144134Z,0,bro had some flow in there like he was logic (not derogatory),62be1b397594426c8140ca2ea9b70325
spotify:track:3439OLNIeD3y68kVuoZUO5,b610d55f12f147b89502873c4b93e5ef,2026-07-05T18:38:37.722984Z,1,"Wow what a pick. Gotta give credit for even knowing the Crüe and extra points for the niche reference even if the song is only decent

Guess: Zasaskatchewan",62be1b397594426c8140ca2ea9b70325
spotify:track:3439OLNIeD3y68kVuoZUO5,2514636114c2431a903f1cad7eaf72e5,2026-07-05T19:36:43.648325Z,1,Listened to this and then heard it in my grocery store. None of the other shoppers know they’re shopping to Canadian propaganda. But I know. Thanks to you. ,62be1b397594426c8140ca2ea9b70325
spotify:track:3439OLNIeD3y68kVuoZUO5,043c232c2e1040a2bc082eac10f81f12,2026-07-04T21:11:53.088866Z,1,,62be1b397594426c8140ca2ea9b70325
spotify:track:3439OLNIeD3y68kVuoZUO5,eab45a88f95d4ae893e32ca723946d60,2026-07-03T01:03:58.720913Z,0,Not my thing,62be1b397594426c8140ca2ea9b70325
spotify:track:3439OLNIeD3y68kVuoZUO5,8ad71d9554d24eaf877dda25758aae45,2026-07-06T00:19:55.45263Z,0,This sound is so old to me (derogatory),62be1b397594426c8140ca2ea9b70325
spotify:track:3439OLNIeD3y68kVuoZUO5,6521770c9aeb4bffb740a9141e624077,2026-07-05T19:27:34.915733Z,0,Hmmm,62be1b397594426c8140ca2ea9b70325
spotify:track:3439OLNIeD3y68kVuoZUO5,289b6ce1643d401f950a6eb514ddfd36,2026-07-05T23:32:48.443516Z,0,My issue with this submission is i feel like this song overqualified for this prompt,62be1b397594426c8140ca2ea9b70325
spotify:track:3439OLNIeD3y68kVuoZUO5,1cd356096fa0498aa955acf21944c65d,2026-07-05T03:37:12.144134Z,0,"strip club huh, so baker ain’t voting for ts right ?",62be1b397594426c8140ca2ea9b70325
spotify:track:3439OLNIeD3y68kVuoZUO5,0c04c978ff14409e9018621377b6b7e9,2026-07-06T01:47:18.332488Z,0,Submitting this song should land you on some kind of list,62be1b397594426c8140ca2ea9b70325
spotify:track:29nNU80zu0vscbrvTi55mG,80213310c71e48b297cb1223ff34a32c,2026-07-13T00:41:23.892094Z,5,BANGER,bad4e2b49d514d81b318711f2069c628
spotify:track:29nNU80zu0vscbrvTi55mG,3b73cc44d9ce4479956467fba877a02e,2026-07-12T23:02:30.813585Z,3,Mmmm this one was nice,bad4e2b49d514d81b318711f2069c628
spotify:track:29nNU80zu0vscbrvTi55mG,b610d55f12f147b89502873c4b93e5ef,2026-07-12T15:48:13.169042Z,1,"Iconic. Not sure i see non country folk fucking with it though, but maybe

Guess: Matthew",bad4e2b49d514d81b318711f2069c628
spotify:track:29nNU80zu0vscbrvTi55mG,2514636114c2431a903f1cad7eaf72e5,2026-07-11T17:57:23.783564Z,1,Amen!,bad4e2b49d514d81b318711f2069c628
spotify:track:29nNU80zu0vscbrvTi55mG,289b6ce1643d401f950a6eb514ddfd36,2026-07-12T22:38:00.565307Z,0,Failed to leave any impression on me despite not being utterly atrocious ,bad4e2b49d514d81b318711f2069c628
spotify:track:29nNU80zu0vscbrvTi55mG,1cd356096fa0498aa955acf21944c65d,2026-07-12T21:07:34.159142Z,0,i think i just feel like male country singers make me feel like im about to get hate crimed man idk,bad4e2b49d514d81b318711f2069c628
spotify:track:29nNU80zu0vscbrvTi55mG,0c04c978ff14409e9018621377b6b7e9,2026-07-10T19:46:32.604156Z,0,theyre kind of like a boy band but if the vibes were more racist,bad4e2b49d514d81b318711f2069c628
spotify:track:29nNU80zu0vscbrvTi55mG,043c232c2e1040a2bc082eac10f81f12,2026-07-10T04:34:54.560899Z,0,Not country enough sorry,bad4e2b49d514d81b318711f2069c628
spotify:track:6RWCvgNCEqXuVZYnDTPDEh,1cd356096fa0498aa955acf21944c65d,2026-07-12T21:07:34.159142Z,4,"wait this is so good oh my god 

bring back bell bottoms, i wish i could rock them like Kendrick in the bowl ",bad4e2b49d514d81b318711f2069c628
spotify:track:6RWCvgNCEqXuVZYnDTPDEh,eab45a88f95d4ae893e32ca723946d60,2026-07-11T23:00:52.387879Z,1,I’m sold,bad4e2b49d514d81b318711f2069c628
spotify:track:6RWCvgNCEqXuVZYnDTPDEh,6521770c9aeb4bffb740a9141e624077,2026-07-13T00:06:12.441185Z,1,I thought this had a fun beat but the beginning was psychotic,bad4e2b49d514d81b318711f2069c628
spotify:track:6RWCvgNCEqXuVZYnDTPDEh,289b6ce1643d401f950a6eb514ddfd36,2026-07-12T22:38:00.565307Z,1,I removed a vote from better man to vote for this one instead,bad4e2b49d514d81b318711f2069c628
spotify:track:6RWCvgNCEqXuVZYnDTPDEh,2514636114c2431a903f1cad7eaf72e5,2026-07-11T17:57:23.783564Z,1,,bad4e2b49d514d81b318711f2069c628
spotify:track:6RWCvgNCEqXuVZYnDTPDEh,b610d55f12f147b89502873c4b93e5ef,2026-07-12T15:48:13.169042Z,0,"This is a country song

Guess: Chuck",bad4e2b49d514d81b318711f2069c628
spotify:track:6RWCvgNCEqXuVZYnDTPDEh,8ad71d9554d24eaf877dda25758aae45,2026-07-13T01:17:48.437592Z,0,i have multiple songs on this album saved but for some reason this one doesn't hit for me,bad4e2b49d514d81b318711f2069c628
spotify:track:6RWCvgNCEqXuVZYnDTPDEh,0c04c978ff14409e9018621377b6b7e9,2026-07-10T19:46:32.604156Z,0,it takes too long for the beat to come in but overall good,bad4e2b49d514d81b318711f2069c628
spotify:track:65DbTqJKhbwqYbZ1Okr0rc,3b73cc44d9ce4479956467fba877a02e,2026-07-12T23:02:30.813585Z,2,Nah this shit kinda fire on the radio,bad4e2b49d514d81b318711f2069c628
spotify:track:65DbTqJKhbwqYbZ1Okr0rc,b610d55f12f147b89502873c4b93e5ef,2026-07-12T15:48:13.169042Z,1,"I'm convinced that all guys like Ella Langley so this is probably true. Ostensibly country too unlike some submissions so props for that

Guess: Zach",bad4e2b49d514d81b318711f2069c628
spotify:track:65DbTqJKhbwqYbZ1Okr0rc,8ad71d9554d24eaf877dda25758aae45,2026-07-13T01:17:48.437592Z,1,see ella langley has seriously blown the fuck up in the past 6 months but idk if half this league has heard of her,bad4e2b49d514d81b318711f2069c628
spotify:track:65DbTqJKhbwqYbZ1Okr0rc,6521770c9aeb4bffb740a9141e624077,2026-07-13T00:06:12.441185Z,1,I do like the Amarillo by morning reference I now have a friend that loves George strait ,bad4e2b49d514d81b318711f2069c628
spotify:track:65DbTqJKhbwqYbZ1Okr0rc,2514636114c2431a903f1cad7eaf72e5,2026-07-11T17:57:23.783564Z,1,I tried to submit this ,bad4e2b49d514d81b318711f2069c628
spotify:track:65DbTqJKhbwqYbZ1Okr0rc,043c232c2e1040a2bc082eac10f81f12,2026-07-10T04:34:54.560899Z,1,Yeah this is a fun one.,bad4e2b49d514d81b318711f2069c628
spotify:track:65DbTqJKhbwqYbZ1Okr0rc,eab45a88f95d4ae893e32ca723946d60,2026-07-11T23:00:52.387879Z,0,nbd,bad4e2b49d514d81b318711f2069c628
spotify:track:65DbTqJKhbwqYbZ1Okr0rc,80213310c71e48b297cb1223ff34a32c,2026-07-13T00:41:23.892094Z,0,Country equivalent of New York slop ,bad4e2b49d514d81b318711f2069c628
spotify:track:65DbTqJKhbwqYbZ1Okr0rc,1cd356096fa0498aa955acf21944c65d,2026-07-12T21:07:34.159142Z,0,ella langley is such a prompt purist type artist to submit man. good song though,bad4e2b49d514d81b318711f2069c628
spotify:track:65DbTqJKhbwqYbZ1Okr0rc,0c04c978ff14409e9018621377b6b7e9,2026-07-10T19:46:32.604156Z,0,"this song is so catchy and good and i'm obsessed, but its also been the top song in the country for 3 months",bad4e2b49d514d81b318711f2069c628
spotify:track:2ZtCnzEnUSrKUXzpIRQ9eW,eab45a88f95d4ae893e32ca723946d60,2026-07-11T23:00:52.387879Z,2,,bad4e2b49d514d81b318711f2069c628
spotify:track:2ZtCnzEnUSrKUXzpIRQ9eW,b610d55f12f147b89502873c4b93e5ef,2026-07-12T15:48:13.169042Z,2,"Interesting strategy going with a cover. I don't like Tyler Childers that much so I think it actually works for me though. I could see not country type getting into this.

Guess: Baker",bad4e2b49d514d81b318711f2069c628
spotify:track:2ZtCnzEnUSrKUXzpIRQ9eW,8ad71d9554d24eaf877dda25758aae45,2026-07-13T01:17:48.437592Z,1,"this feels like that noah khan guy music. i seriously can't figure out if i like it or not, but its confused me enough to play it the most so i guess that's worth a vote",bad4e2b49d514d81b318711f2069c628
spotify:track:2ZtCnzEnUSrKUXzpIRQ9eW,6521770c9aeb4bffb740a9141e624077,2026-07-13T00:06:12.441185Z,1,This is one of the first country  songs I saved on my journey out of being a certified country hater so it will be getting some votes. Technically I added the Tyler Childers version though. On the other hand at some point it came on and I felt visceral hate so you know it goes both ways,bad4e2b49d514d81b318711f2069c628
spotify:track:2ZtCnzEnUSrKUXzpIRQ9eW,289b6ce1643d401f950a6eb514ddfd36,2026-07-12T22:38:00.565307Z,1,a country song called WHAT ??????!!!!!,bad4e2b49d514d81b318711f2069c628
spotify:track:2ZtCnzEnUSrKUXzpIRQ9eW,80213310c71e48b297cb1223ff34a32c,2026-07-13T00:41:23.892094Z,0,I don’t think you can say that white girl ,bad4e2b49d514d81b318711f2069c628
spotify:track:2ZtCnzEnUSrKUXzpIRQ9eW,2514636114c2431a903f1cad7eaf72e5,2026-07-11T17:57:23.783564Z,0,COOOUNTRY!,bad4e2b49d514d81b318711f2069c628
spotify:track:2ZtCnzEnUSrKUXzpIRQ9eW,1cd356096fa0498aa955acf21944c65d,2026-07-12T21:07:34.159142Z,0,this is good man but you know i cant vote for this ,bad4e2b49d514d81b318711f2069c628
spotify:track:2ZtCnzEnUSrKUXzpIRQ9eW,043c232c2e1040a2bc082eac10f81f12,2026-07-10T04:34:54.560899Z,0,Like the original version more than this cover,bad4e2b49d514d81b318711f2069c628
spotify:track:4KULAymBBJcPRpk1yO4dOG,289b6ce1643d401f950a6eb514ddfd36,2026-07-12T22:38:00.565307Z,2,Does this dude zach bryan get excited about anything ????,bad4e2b49d514d81b318711f2069c628
spotify:track:4KULAymBBJcPRpk1yO4dOG,0c04c978ff14409e9018621377b6b7e9,2026-07-10T19:46:32.604156Z,2,this is just such a staple for me. exact vibes i constantly have on,bad4e2b49d514d81b318711f2069c628
spotify:track:4KULAymBBJcPRpk1yO4dOG,eab45a88f95d4ae893e32ca723946d60,2026-07-11T23:00:52.387879Z,1,,bad4e2b49d514d81b318711f2069c628
spotify:track:4KULAymBBJcPRpk1yO4dOG,6521770c9aeb4bffb740a9141e624077,2026-07-13T00:06:12.441185Z,1,Easily digested indeed right on the edge of country and folk I guess Chuck is right that that's a good way to do it,bad4e2b49d514d81b318711f2069c628
spotify:track:4KULAymBBJcPRpk1yO4dOG,043c232c2e1040a2bc082eac10f81f12,2026-07-10T04:34:54.560899Z,1,Country music does sad better than any other genre. Would've voted more but dumb comment,bad4e2b49d514d81b318711f2069c628
spotify:track:4KULAymBBJcPRpk1yO4dOG,b610d55f12f147b89502873c4b93e5ef,2026-07-12T15:48:13.169042Z,0,"Something about his voice is like nails on a chalkboard to me. Closer to folk than country also

Guess: Owen",bad4e2b49d514d81b318711f2069c628
spotify:track:4KULAymBBJcPRpk1yO4dOG,8ad71d9554d24eaf877dda25758aae45,2026-07-13T01:17:48.437592Z,0,not allowed to vote for this cause vish says zach bryan is folk,bad4e2b49d514d81b318711f2069c628
spotify:track:4KULAymBBJcPRpk1yO4dOG,1cd356096fa0498aa955acf21944c65d,2026-07-12T21:07:34.159142Z,0,does not play im sorry,bad4e2b49d514d81b318711f2069c628
spotify:track:5EYWGM3Ns3iYew8ws0FatB,043c232c2e1040a2bc082eac10f81f12,2026-07-10T04:34:54.560899Z,2,This is a fun classic. Probably hits the prompt best,bad4e2b49d514d81b318711f2069c628
spotify:track:5EYWGM3Ns3iYew8ws0FatB,eab45a88f95d4ae893e32ca723946d60,2026-07-11T23:00:52.387879Z,1,Grew on me,bad4e2b49d514d81b318711f2069c628
spotify:track:5EYWGM3Ns3iYew8ws0FatB,8ad71d9554d24eaf877dda25758aae45,2026-07-13T01:17:48.437592Z,1,if i were strictly going off the prompt this is probably the best answer,bad4e2b49d514d81b318711f2069c628
spotify:track:5EYWGM3Ns3iYew8ws0FatB,2514636114c2431a903f1cad7eaf72e5,2026-07-11T17:57:23.783564Z,1,well I’m not nobody ,bad4e2b49d514d81b318711f2069c628
spotify:track:5EYWGM3Ns3iYew8ws0FatB,0c04c978ff14409e9018621377b6b7e9,2026-07-10T19:46:32.604156Z,1,oooh weee the vibes are exquisite. centrifugal motion is one of the best uses of physics in song.,bad4e2b49d514d81b318711f2069c628
spotify:track:5EYWGM3Ns3iYew8ws0FatB,80213310c71e48b297cb1223ff34a32c,2026-07-13T00:41:23.892094Z,0,They played this song repeatedly at hyvee made me want to kill myself,bad4e2b49d514d81b318711f2069c628
spotify:track:5EYWGM3Ns3iYew8ws0FatB,6521770c9aeb4bffb740a9141e624077,2026-07-13T00:06:12.441185Z,0,Country songs do be sounding the same and I think that's my issue,bad4e2b49d514d81b318711f2069c628
spotify:track:5EYWGM3Ns3iYew8ws0FatB,289b6ce1643d401f950a6eb514ddfd36,2026-07-12T22:38:00.565307Z,0,consider my name nobody ,bad4e2b49d514d81b318711f2069c628
spotify:track:23TxRN09aR1RB0G0tFoT0b,0c04c978ff14409e9018621377b6b7e9,2026-07-10T19:46:32.604156Z,2,i heavily considered this one and it sent me back to a bunch of my faves. the bridge is kinda cheesy but all this music is.,bad4e2b49d514d81b318711f2069c628
spotify:track:23TxRN09aR1RB0G0tFoT0b,b610d55f12f147b89502873c4b93e5ef,2026-07-12T15:48:13.169042Z,1,"I don't remember this song being so CLEAN

Guess: Minnes",bad4e2b49d514d81b318711f2069c628
spotify:track:23TxRN09aR1RB0G0tFoT0b,043c232c2e1040a2bc082eac10f81f12,2026-07-10T04:34:54.560899Z,1,This one really grew on me. I like some other Little Big Town songs a lot more,bad4e2b49d514d81b318711f2069c628
spotify:track:23TxRN09aR1RB0G0tFoT0b,eab45a88f95d4ae893e32ca723946d60,2026-07-11T23:00:52.387879Z,0,"this is a cheap submission, no votes",bad4e2b49d514d81b318711f2069c628
spotify:track:23TxRN09aR1RB0G0tFoT0b,80213310c71e48b297cb1223ff34a32c,2026-07-13T00:41:23.892094Z,0,This is everything wrong with modern music and why I cost you the crown last year. You can’t fool me Owen ,bad4e2b49d514d81b318711f2069c628
spotify:track:23TxRN09aR1RB0G0tFoT0b,6521770c9aeb4bffb740a9141e624077,2026-07-13T00:06:12.441185Z,0,I wish you'd picked a better song (Simon Cowell voice). Also can confirm this is not a good country song because the Taylor Swift version is better,bad4e2b49d514d81b318711f2069c628
spotify:track:23TxRN09aR1RB0G0tFoT0b,289b6ce1643d401f950a6eb514ddfd36,2026-07-12T22:38:00.565307Z,0,yeah ,bad4e2b49d514d81b318711f2069c628
spotify:track:23TxRN09aR1RB0G0tFoT0b,1cd356096fa0498aa955acf21944c65d,2026-07-12T21:07:34.159142Z,0,owen you think youre slick?,bad4e2b49d514d81b318711f2069c628
spotify:track:0Xg68XXMRWzKQvD5S6BFvI,8ad71d9554d24eaf877dda25758aae45,2026-07-13T01:17:48.437592Z,1,"gotta be honest i do not actually think this is a good song for the prompt, people who 'don't like country' would give up on this immediately, but idc im giving it a vote",bad4e2b49d514d81b318711f2069c628
spotify:track:0Xg68XXMRWzKQvD5S6BFvI,6521770c9aeb4bffb740a9141e624077,2026-07-13T00:06:12.441185Z,1,This is very generic country music to me I think it's fine,bad4e2b49d514d81b318711f2069c628
spotify:track:0Xg68XXMRWzKQvD5S6BFvI,2514636114c2431a903f1cad7eaf72e5,2026-07-11T17:57:23.783564Z,1,Idk I like it too,bad4e2b49d514d81b318711f2069c628
spotify:track:0Xg68XXMRWzKQvD5S6BFvI,b610d55f12f147b89502873c4b93e5ef,2026-07-12T15:48:13.169042Z,0,"A classic. The argument isn’t strong for country hater liking it tho

Guess: Bennie",bad4e2b49d514d81b318711f2069c628
spotify:track:0Xg68XXMRWzKQvD5S6BFvI,289b6ce1643d401f950a6eb514ddfd36,2026-07-12T22:38:00.565307Z,0,"Sounds like a song that plays through a mid 2000s song about summer break, during the fun part of the movie",bad4e2b49d514d81b318711f2069c628
spotify:track:0Xg68XXMRWzKQvD5S6BFvI,0c04c978ff14409e9018621377b6b7e9,2026-07-10T19:46:32.604156Z,0,imagine your mans reaches under the front seat of his dusty ass truck and pulls out a bottle of 'homemade wine' from a guy named creole williams,bad4e2b49d514d81b318711f2069c628
spotify:track:0Xg68XXMRWzKQvD5S6BFvI,043c232c2e1040a2bc082eac10f81f12,2026-07-10T04:34:54.560899Z,0,Don't love this one but it's not a bad submission,bad4e2b49d514d81b318711f2069c628
spotify:track:2A6ygE592DfRoDsJ7l8RfQ,8ad71d9554d24eaf877dda25758aae45,2026-07-13T01:17:48.437592Z,1,this is a cool vibe,bad4e2b49d514d81b318711f2069c628
spotify:track:2A6ygE592DfRoDsJ7l8RfQ,289b6ce1643d401f950a6eb514ddfd36,2026-07-12T22:38:00.565307Z,1,This one is good will be sad when its over and i have to listen to the next song,bad4e2b49d514d81b318711f2069c628
spotify:track:2A6ygE592DfRoDsJ7l8RfQ,b610d55f12f147b89502873c4b93e5ef,2026-07-12T15:48:13.169042Z,0,"I wish I could understand her a little better. Also not totally sure if this song is country. Her older stuff slaps but this does not unfortunately

Guess: Jec",bad4e2b49d514d81b318711f2069c628
spotify:track:2A6ygE592DfRoDsJ7l8RfQ,80213310c71e48b297cb1223ff34a32c,2026-07-13T00:41:23.892094Z,0,Is this even country,bad4e2b49d514d81b318711f2069c628
spotify:track:2A6ygE592DfRoDsJ7l8RfQ,6521770c9aeb4bffb740a9141e624077,2026-07-13T00:06:12.441185Z,0,So I get that this is a country music legend and stuff but this does fall into the Maggie rogers genre nowadays,bad4e2b49d514d81b318711f2069c628
spotify:track:2A6ygE592DfRoDsJ7l8RfQ,2514636114c2431a903f1cad7eaf72e5,2026-07-11T17:57:23.783564Z,0,Hmmm no,bad4e2b49d514d81b318711f2069c628
spotify:track:2A6ygE592DfRoDsJ7l8RfQ,1cd356096fa0498aa955acf21944c65d,2026-07-12T21:07:34.159142Z,0,i like this song yes,bad4e2b49d514d81b318711f2069c628
spotify:track:2A6ygE592DfRoDsJ7l8RfQ,0c04c978ff14409e9018621377b6b7e9,2026-07-10T19:46:32.604156Z,0,this kind of sounds like a U2 or dave matthews song. i know shes a legend but i got a bit bored.,bad4e2b49d514d81b318711f2069c628
spotify:track:2A6ygE592DfRoDsJ7l8RfQ,043c232c2e1040a2bc082eac10f81f12,2026-07-10T04:34:54.560899Z,0,Don't love her voice or the song that much,bad4e2b49d514d81b318711f2069c628
spotify:track:2YpeDb67231RjR0MgVLzsG,1cd356096fa0498aa955acf21944c65d,2026-07-12T21:07:34.159142Z,1,dog i forgot how much i like this song hahah. hearing billy ray on this for the first time was electric -- bring back prime lil nas x,bad4e2b49d514d81b318711f2069c628
spotify:track:2YpeDb67231RjR0MgVLzsG,eab45a88f95d4ae893e32ca723946d60,2026-07-11T23:00:52.387879Z,0,"I can’t believe they thought this was me

I’m vibing for the record",bad4e2b49d514d81b318711f2069c628
spotify:track:2YpeDb67231RjR0MgVLzsG,b610d55f12f147b89502873c4b93e5ef,2026-07-12T15:48:13.169042Z,0,"Technically correct but I simply can't vote for this

Guess: Vish",bad4e2b49d514d81b318711f2069c628
spotify:track:2YpeDb67231RjR0MgVLzsG,8ad71d9554d24eaf877dda25758aae45,2026-07-13T01:17:48.437592Z,0,BENNIE,bad4e2b49d514d81b318711f2069c628
spotify:track:2YpeDb67231RjR0MgVLzsG,80213310c71e48b297cb1223ff34a32c,2026-07-13T00:41:23.892094Z,0,Boooo,bad4e2b49d514d81b318711f2069c628
spotify:track:2YpeDb67231RjR0MgVLzsG,6521770c9aeb4bffb740a9141e624077,2026-07-13T00:06:12.441185Z,0,I can't believe you've done this,bad4e2b49d514d81b318711f2069c628
spotify:track:2YpeDb67231RjR0MgVLzsG,289b6ce1643d401f950a6eb514ddfd36,2026-07-12T22:38:00.565307Z,0,Had to skip,bad4e2b49d514d81b318711f2069c628
spotify:track:2YpeDb67231RjR0MgVLzsG,2514636114c2431a903f1cad7eaf72e5,2026-07-11T17:57:23.783564Z,0,I don’t know why you felt comfortable submitting this song,bad4e2b49d514d81b318711f2069c628
spotify:track:2YpeDb67231RjR0MgVLzsG,0c04c978ff14409e9018621377b6b7e9,2026-07-10T19:46:32.604156Z,0,"goes hard, but i don't like the billy ray parts, he seems evil",bad4e2b49d514d81b318711f2069c628
spotify:track:2YpeDb67231RjR0MgVLzsG,043c232c2e1040a2bc082eac10f81f12,2026-07-10T04:34:54.560899Z,0,Meme,bad4e2b49d514d81b318711f2069c628
spotify:track:0dEAzedAp3dKqhvGa1BRIC,eab45a88f95d4ae893e32ca723946d60,2026-07-11T23:00:52.387879Z,0,appreciate the effort,bad4e2b49d514d81b318711f2069c628
spotify:track:0dEAzedAp3dKqhvGa1BRIC,b610d55f12f147b89502873c4b93e5ef,2026-07-12T15:48:13.169042Z,0,James there’s a difference between a country artist singing a normal song and a country song. Gotta respect finding a way to submit Lana though,bad4e2b49d514d81b318711f2069c628
spotify:track:0dEAzedAp3dKqhvGa1BRIC,8ad71d9554d24eaf877dda25758aae45,2026-07-13T01:17:48.437592Z,0,i didn't like this at all but congrats on getting Lana in this week i would not have thought that possible,bad4e2b49d514d81b318711f2069c628
spotify:track:0dEAzedAp3dKqhvGa1BRIC,6521770c9aeb4bffb740a9141e624077,2026-07-13T00:06:12.441185Z,0,You're losing my respect. ,bad4e2b49d514d81b318711f2069c628
spotify:track:0dEAzedAp3dKqhvGa1BRIC,289b6ce1643d401f950a6eb514ddfd36,2026-07-12T22:38:00.565307Z,0,"What makes this a country song? 

Singing a slow christmas song over a guitar and calling it country ?",bad4e2b49d514d81b318711f2069c628
spotify:track:0dEAzedAp3dKqhvGa1BRIC,2514636114c2431a903f1cad7eaf72e5,2026-07-11T17:57:23.783564Z,0,man this totally makes sense for the prompt but I also think it’s a cop-out,bad4e2b49d514d81b318711f2069c628
spotify:track:0dEAzedAp3dKqhvGa1BRIC,1cd356096fa0498aa955acf21944c65d,2026-07-12T21:07:34.159142Z,0,"it was either this or lana's cover of country roads. 

ts slaps, i wish they would make more music together., regardless its going in the rotation",bad4e2b49d514d81b318711f2069c628
spotify:track:0dEAzedAp3dKqhvGa1BRIC,0c04c978ff14409e9018621377b6b7e9,2026-07-10T19:46:32.604156Z,0,no,bad4e2b49d514d81b318711f2069c628
spotify:track:0dEAzedAp3dKqhvGa1BRIC,043c232c2e1040a2bc082eac10f81f12,2026-07-10T04:34:54.560899Z,0,Lol nice try,bad4e2b49d514d81b318711f2069c628
spotify:track:3dP0pLbg9OfVwssDjp9aT0,3b73cc44d9ce4479956467fba877a02e,2026-07-20T01:35:44.537901Z,5,Honestly I get it,01150f1d09f14321867d6548389f31fa
spotify:track:3dP0pLbg9OfVwssDjp9aT0,043c232c2e1040a2bc082eac10f81f12,2026-07-19T22:55:38.781261Z,3,Stupid week,01150f1d09f14321867d6548389f31fa
spotify:track:3dP0pLbg9OfVwssDjp9aT0,b610d55f12f147b89502873c4b93e5ef,2026-07-19T20:05:26.601698Z,2,"Great outside the box submission

Guess: Matthew",01150f1d09f14321867d6548389f31fa
spotify:track:3dP0pLbg9OfVwssDjp9aT0,8ad71d9554d24eaf877dda25758aae45,2026-07-19T02:51:41.17289Z,2,HA perfect,01150f1d09f14321867d6548389f31fa
spotify:track:3dP0pLbg9OfVwssDjp9aT0,2514636114c2431a903f1cad7eaf72e5,2026-07-19T19:12:43.933362Z,1,Can’t stand this song. However this works ,01150f1d09f14321867d6548389f31fa
spotify:track:3dP0pLbg9OfVwssDjp9aT0,eab45a88f95d4ae893e32ca723946d60,2026-07-20T00:14:52.91849Z,0,trauma inducing.,01150f1d09f14321867d6548389f31fa
spotify:track:3dP0pLbg9OfVwssDjp9aT0,289b6ce1643d401f950a6eb514ddfd36,2026-07-20T01:38:00.069053Z,0,Easily one of the most difficult listens of my life. Never submit Hamilton again. ,01150f1d09f14321867d6548389f31fa
spotify:track:3dP0pLbg9OfVwssDjp9aT0,1cd356096fa0498aa955acf21944c65d,2026-07-19T18:53:25.033362Z,0,i can actually feel myself getting nauseous right now. wait thats two comments in a row about a stomach issue....,01150f1d09f14321867d6548389f31fa
spotify:track:3dP0pLbg9OfVwssDjp9aT0,0c04c978ff14409e9018621377b6b7e9,2026-07-17T17:49:55.083947Z,0,you don't understand how many times ive heard this against my will,01150f1d09f14321867d6548389f31fa
spotify:track:6dBUzqjtbnIa1TwYbyw5CM,eab45a88f95d4ae893e32ca723946d60,2026-07-20T00:14:52.91849Z,3,"wowww sooo entrancing
coming of age movie vibes",01150f1d09f14321867d6548389f31fa
spotify:track:6dBUzqjtbnIa1TwYbyw5CM,289b6ce1643d401f950a6eb514ddfd36,2026-07-20T01:38:00.069053Z,3,Great submission the cover alone fits the prompt,01150f1d09f14321867d6548389f31fa
spotify:track:6dBUzqjtbnIa1TwYbyw5CM,b610d55f12f147b89502873c4b93e5ef,2026-07-19T20:05:26.601698Z,1,"This is correct but a bit too easy maybe

Guess: James",01150f1d09f14321867d6548389f31fa
spotify:track:6dBUzqjtbnIa1TwYbyw5CM,2514636114c2431a903f1cad7eaf72e5,2026-07-19T19:12:43.933362Z,1,Like it ,01150f1d09f14321867d6548389f31fa
spotify:track:6dBUzqjtbnIa1TwYbyw5CM,2188964000cf410c8dbf4fd04eb76fed,2026-07-20T00:57:42.603821Z,1,,01150f1d09f14321867d6548389f31fa
spotify:track:6dBUzqjtbnIa1TwYbyw5CM,6521770c9aeb4bffb740a9141e624077,2026-07-19T23:31:00.930877Z,0,"Okay I just really like this song so will admit nothing wrong with it

",01150f1d09f14321867d6548389f31fa
spotify:track:6dBUzqjtbnIa1TwYbyw5CM,1cd356096fa0498aa955acf21944c65d,2026-07-19T18:53:25.033362Z,0,playing a girl a tik tok song is the angle a girl would expect out of a male manipulator,01150f1d09f14321867d6548389f31fa
spotify:track:6dBUzqjtbnIa1TwYbyw5CM,0c04c978ff14409e9018621377b6b7e9,2026-07-17T17:49:55.083947Z,0,"ladies, if a man puts this on run the other way",01150f1d09f14321867d6548389f31fa
spotify:track:6dBUzqjtbnIa1TwYbyw5CM,043c232c2e1040a2bc082eac10f81f12,2026-07-19T22:55:38.781261Z,0,Who are the people giving this song 1.784 billion streams,01150f1d09f14321867d6548389f31fa
spotify:track:4XfI7M5gLwEY84gYiH4RDD,0c04c978ff14409e9018621377b6b7e9,2026-07-17T17:49:55.083947Z,3,i like this song and a certain type of manipulator probably also does,01150f1d09f14321867d6548389f31fa
spotify:track:4XfI7M5gLwEY84gYiH4RDD,80213310c71e48b297cb1223ff34a32c,2026-07-20T01:13:42.98857Z,2,This is very Reddit but I liked it ,01150f1d09f14321867d6548389f31fa
spotify:track:4XfI7M5gLwEY84gYiH4RDD,289b6ce1643d401f950a6eb514ddfd36,2026-07-20T01:38:00.069053Z,2,,01150f1d09f14321867d6548389f31fa
spotify:track:4XfI7M5gLwEY84gYiH4RDD,8ad71d9554d24eaf877dda25758aae45,2026-07-19T02:51:41.17289Z,1,Boo,01150f1d09f14321867d6548389f31fa
spotify:track:4XfI7M5gLwEY84gYiH4RDD,2514636114c2431a903f1cad7eaf72e5,2026-07-19T19:12:43.933362Z,1,Vibes on ,01150f1d09f14321867d6548389f31fa
spotify:track:4XfI7M5gLwEY84gYiH4RDD,eab45a88f95d4ae893e32ca723946d60,2026-07-20T00:14:52.91849Z,0,idk it’s a lil boring,01150f1d09f14321867d6548389f31fa
spotify:track:4XfI7M5gLwEY84gYiH4RDD,b610d55f12f147b89502873c4b93e5ef,2026-07-19T20:05:26.601698Z,0,"Hmmm maybe. I could see this in their music bag but not sure they would be telling ppl they listen to this (performatively)

Guess: Baker",01150f1d09f14321867d6548389f31fa
spotify:track:4XfI7M5gLwEY84gYiH4RDD,6521770c9aeb4bffb740a9141e624077,2026-07-19T23:31:00.930877Z,0,"Bro is bopping down the street. This autovideo on Spotify (kinda hate them) has a man with silver face paint. I thought society had moved past this

",01150f1d09f14321867d6548389f31fa
spotify:track:4XfI7M5gLwEY84gYiH4RDD,1cd356096fa0498aa955acf21944c65d,2026-07-19T18:53:25.033362Z,0,"Everything I drop is a banger; every time I hop out the phantom. What would you know about that, cub?",01150f1d09f14321867d6548389f31fa
spotify:track:4XfI7M5gLwEY84gYiH4RDD,043c232c2e1040a2bc082eac10f81f12,2026-07-19T22:55:38.781261Z,0,Completely unmemorable,01150f1d09f14321867d6548389f31fa
spotify:track:5G9LvzXcBoIBXOd2jzdJTs,6521770c9aeb4bffb740a9141e624077,2026-07-19T23:31:00.930877Z,2,"This also makes perfect sense. Love that I googled the lyrics and it just said ""oh yeah thats not Icelandic. Sometimes she likes to just make sounds for fun""

Chuck?",01150f1d09f14321867d6548389f31fa
spotify:track:5G9LvzXcBoIBXOd2jzdJTs,2514636114c2431a903f1cad7eaf72e5,2026-07-19T19:12:43.933362Z,2,"Cannot stand this song and it works well

Hate it ",01150f1d09f14321867d6548389f31fa
spotify:track:5G9LvzXcBoIBXOd2jzdJTs,b610d55f12f147b89502873c4b93e5ef,2026-07-19T20:05:26.601698Z,1,"A self described performative male told me to vote for this one

Guess: Vish",01150f1d09f14321867d6548389f31fa
spotify:track:5G9LvzXcBoIBXOd2jzdJTs,8ad71d9554d24eaf877dda25758aae45,2026-07-19T02:51:41.17289Z,1,listens to Björk and believes in a beauty what a man,01150f1d09f14321867d6548389f31fa
spotify:track:5G9LvzXcBoIBXOd2jzdJTs,2188964000cf410c8dbf4fd04eb76fed,2026-07-20T00:57:42.603821Z,1,,01150f1d09f14321867d6548389f31fa
spotify:track:5G9LvzXcBoIBXOd2jzdJTs,289b6ce1643d401f950a6eb514ddfd36,2026-07-20T01:38:00.069053Z,0,😕,01150f1d09f14321867d6548389f31fa
spotify:track:5G9LvzXcBoIBXOd2jzdJTs,1cd356096fa0498aa955acf21944c65d,2026-07-19T18:53:25.033362Z,0,what were the fruits of the manipulation,01150f1d09f14321867d6548389f31fa
spotify:track:5G9LvzXcBoIBXOd2jzdJTs,0c04c978ff14409e9018621377b6b7e9,2026-07-17T17:49:55.083947Z,0,id have to be performative to like this bc i have a hard time with bjork,01150f1d09f14321867d6548389f31fa
spotify:track:5G9LvzXcBoIBXOd2jzdJTs,043c232c2e1040a2bc082eac10f81f12,2026-07-19T22:55:38.781261Z,0,This is the worst music league song i've ever had to listen to,01150f1d09f14321867d6548389f31fa
spotify:track:5PNmELKcHR40HDv0HexhZu,1cd356096fa0498aa955acf21944c65d,2026-07-19T18:53:25.033362Z,5,this is a certified hood banger,01150f1d09f14321867d6548389f31fa
spotify:track:5PNmELKcHR40HDv0HexhZu,0c04c978ff14409e9018621377b6b7e9,2026-07-17T17:49:55.083947Z,1,GOTY,01150f1d09f14321867d6548389f31fa
spotify:track:5PNmELKcHR40HDv0HexhZu,043c232c2e1040a2bc082eac10f81f12,2026-07-19T22:55:38.781261Z,1,Not as terrible as some of the others,01150f1d09f14321867d6548389f31fa
spotify:track:5PNmELKcHR40HDv0HexhZu,eab45a88f95d4ae893e32ca723946d60,2026-07-20T00:14:52.91849Z,0,"nbd, a little dull, or missing something, not sure what it is",01150f1d09f14321867d6548389f31fa
spotify:track:5PNmELKcHR40HDv0HexhZu,b610d55f12f147b89502873c4b93e5ef,2026-07-19T20:05:26.601698Z,0,"Not sure I see manipulators listening to Allie X. Fun song though

Guess: Michael",01150f1d09f14321867d6548389f31fa
spotify:track:5PNmELKcHR40HDv0HexhZu,6521770c9aeb4bffb740a9141e624077,2026-07-19T23:31:00.930877Z,0,"This one skidded off my temporal lobe. Can't identify why

",01150f1d09f14321867d6548389f31fa
spotify:track:5PNmELKcHR40HDv0HexhZu,289b6ce1643d401f950a6eb514ddfd36,2026-07-20T01:38:00.069053Z,0,I feel like this song was on this playlist twice already,01150f1d09f14321867d6548389f31fa
spotify:track:2eUn6PBAZawXLeNEEcbTKu,80213310c71e48b297cb1223ff34a32c,2026-07-20T01:13:42.98857Z,2,,01150f1d09f14321867d6548389f31fa
spotify:track:2eUn6PBAZawXLeNEEcbTKu,6521770c9aeb4bffb740a9141e624077,2026-07-19T23:31:00.930877Z,2,"I didn't think I'd get it and then it got stuck and my head and I got it

Owen?",01150f1d09f14321867d6548389f31fa
spotify:track:2eUn6PBAZawXLeNEEcbTKu,8ad71d9554d24eaf877dda25758aae45,2026-07-19T02:51:41.17289Z,1,"On the nose, i like it",01150f1d09f14321867d6548389f31fa
spotify:track:2eUn6PBAZawXLeNEEcbTKu,0c04c978ff14409e9018621377b6b7e9,2026-07-17T17:49:55.083947Z,1,"this kind of sounds like styx or starship.
medulla amirite bennie?",01150f1d09f14321867d6548389f31fa
spotify:track:2eUn6PBAZawXLeNEEcbTKu,eab45a88f95d4ae893e32ca723946d60,2026-07-20T00:14:52.91849Z,0,eh,01150f1d09f14321867d6548389f31fa
spotify:track:2eUn6PBAZawXLeNEEcbTKu,b610d55f12f147b89502873c4b93e5ef,2026-07-19T20:05:26.601698Z,0,"I fuck with this heavy but not sure that manipulators would. Maybe though since it reminds me of ABBA

Guess: Owen",01150f1d09f14321867d6548389f31fa
spotify:track:2eUn6PBAZawXLeNEEcbTKu,289b6ce1643d401f950a6eb514ddfd36,2026-07-20T01:38:00.069053Z,0,who the FUCK hahaha,01150f1d09f14321867d6548389f31fa
spotify:track:2eUn6PBAZawXLeNEEcbTKu,2514636114c2431a903f1cad7eaf72e5,2026-07-19T19:12:43.933362Z,0,On the nose,01150f1d09f14321867d6548389f31fa
spotify:track:2eUn6PBAZawXLeNEEcbTKu,1cd356096fa0498aa955acf21944c65d,2026-07-19T18:53:25.033362Z,0,"god this is pissing me off so much, she has such a pick me aura its making me want to throw up",01150f1d09f14321867d6548389f31fa
spotify:track:2D4dV2KXDTszzJ3p3cFqhA,eab45a88f95d4ae893e32ca723946d60,2026-07-20T00:14:52.91849Z,2,"Damn, do not underrate The Weeknd, this is v good",01150f1d09f14321867d6548389f31fa
spotify:track:2D4dV2KXDTszzJ3p3cFqhA,2188964000cf410c8dbf4fd04eb76fed,2026-07-20T00:57:42.603821Z,1,,01150f1d09f14321867d6548389f31fa
spotify:track:2D4dV2KXDTszzJ3p3cFqhA,b610d55f12f147b89502873c4b93e5ef,2026-07-19T20:05:26.601698Z,0,"??? Nobody is listening to the Weeknd performatively

Guess: Bennie",01150f1d09f14321867d6548389f31fa
spotify:track:2D4dV2KXDTszzJ3p3cFqhA,6521770c9aeb4bffb740a9141e624077,2026-07-19T23:31:00.930877Z,0,Why does this man look so old. This reminds me of the movie where LeBron or shaq played an old man and crossed people up,01150f1d09f14321867d6548389f31fa
spotify:track:2D4dV2KXDTszzJ3p3cFqhA,289b6ce1643d401f950a6eb514ddfd36,2026-07-20T01:38:00.069053Z,0,"The weeknd album no one gave two dookies about
",01150f1d09f14321867d6548389f31fa
spotify:track:2D4dV2KXDTszzJ3p3cFqhA,2514636114c2431a903f1cad7eaf72e5,2026-07-19T19:12:43.933362Z,0,Need an explanation ,01150f1d09f14321867d6548389f31fa
spotify:track:2D4dV2KXDTszzJ3p3cFqhA,1cd356096fa0498aa955acf21944c65d,2026-07-19T18:53:25.033362Z,0,prompt purist submission ,01150f1d09f14321867d6548389f31fa
spotify:track:2D4dV2KXDTszzJ3p3cFqhA,0c04c978ff14409e9018621377b6b7e9,2026-07-17T17:49:55.083947Z,0,this has all the elements of a queer pop anthem,01150f1d09f14321867d6548389f31fa
spotify:track:2D4dV2KXDTszzJ3p3cFqhA,043c232c2e1040a2bc082eac10f81f12,2026-07-19T22:55:38.781261Z,0,I will never vote for a Weeknd song sorry,01150f1d09f14321867d6548389f31fa
spotify:track:1wicceeNVtcnym2YjiOmyj,2188964000cf410c8dbf4fd04eb76fed,2026-07-20T00:57:42.603821Z,2,,01150f1d09f14321867d6548389f31fa
spotify:track:1wicceeNVtcnym2YjiOmyj,eab45a88f95d4ae893e32ca723946d60,2026-07-20T00:14:52.91849Z,0,"Too easy a pick, good song tho",01150f1d09f14321867d6548389f31fa
spotify:track:1wicceeNVtcnym2YjiOmyj,b610d55f12f147b89502873c4b93e5ef,2026-07-19T20:05:26.601698Z,0,"This is correct but wayyy too easy. Might get a vote if nothing else is good

Guess: Zach",01150f1d09f14321867d6548389f31fa
spotify:track:1wicceeNVtcnym2YjiOmyj,8ad71d9554d24eaf877dda25758aae45,2026-07-19T02:51:41.17289Z,0,Can do better but did appreciate the caption,01150f1d09f14321867d6548389f31fa
spotify:track:1wicceeNVtcnym2YjiOmyj,6521770c9aeb4bffb740a9141e624077,2026-07-19T23:31:00.930877Z,0,"I mean yeah you're right but other people are right in better ways. We literally discussed this. You've submitted piñata for things to add to the piñata party

",01150f1d09f14321867d6548389f31fa
spotify:track:1wicceeNVtcnym2YjiOmyj,289b6ce1643d401f950a6eb514ddfd36,2026-07-20T01:38:00.069053Z,0,So apparently clairo is the classic male manipulator music and im supposed to just know that,01150f1d09f14321867d6548389f31fa
spotify:track:1wicceeNVtcnym2YjiOmyj,1cd356096fa0498aa955acf21944c65d,2026-07-19T18:53:25.033362Z,0,zach jonas caption but you get the prompt thank you king,01150f1d09f14321867d6548389f31fa
spotify:track:1wicceeNVtcnym2YjiOmyj,0c04c978ff14409e9018621377b6b7e9,2026-07-17T17:49:55.083947Z,0,"dont fall for it ! 
don't conflate the indie soft rock with respect for women !",01150f1d09f14321867d6548389f31fa
spotify:track:1wicceeNVtcnym2YjiOmyj,043c232c2e1040a2bc082eac10f81f12,2026-07-19T22:55:38.781261Z,0,Worse,01150f1d09f14321867d6548389f31fa
spotify:track:0k1WUmIRnG3xU6fvvDVfRG,043c232c2e1040a2bc082eac10f81f12,2026-07-19T22:55:38.781261Z,1,Embarrased to give this a vote,01150f1d09f14321867d6548389f31fa
spotify:track:0k1WUmIRnG3xU6fvvDVfRG,b610d55f12f147b89502873c4b93e5ef,2026-07-19T20:05:26.601698Z,0,"Nope, did not understand the assignment

Guess: Chuck",01150f1d09f14321867d6548389f31fa
spotify:track:0k1WUmIRnG3xU6fvvDVfRG,8ad71d9554d24eaf877dda25758aae45,2026-07-19T02:51:41.17289Z,0,drake wishes he was performative,01150f1d09f14321867d6548389f31fa
spotify:track:0k1WUmIRnG3xU6fvvDVfRG,6521770c9aeb4bffb740a9141e624077,2026-07-19T23:31:00.930877Z,0,"I just will not be voting for this song

",01150f1d09f14321867d6548389f31fa
spotify:track:0k1WUmIRnG3xU6fvvDVfRG,289b6ce1643d401f950a6eb514ddfd36,2026-07-20T01:38:00.069053Z,0,“Just how we practiced” ahhhh 🥀🥀🥀,01150f1d09f14321867d6548389f31fa
spotify:track:0k1WUmIRnG3xU6fvvDVfRG,2514636114c2431a903f1cad7eaf72e5,2026-07-19T19:12:43.933362Z,0,What are you thinking ,01150f1d09f14321867d6548389f31fa
spotify:track:0k1WUmIRnG3xU6fvvDVfRG,1cd356096fa0498aa955acf21944c65d,2026-07-19T18:53:25.033362Z,0,i made the same face kawhi made when he realized he was in this music video,01150f1d09f14321867d6548389f31fa
spotify:track:0k1WUmIRnG3xU6fvvDVfRG,0c04c978ff14409e9018621377b6b7e9,2026-07-17T17:49:55.083947Z,0,god i love futures voice so much. hes the only reason you aren't being considered for a 1-week suspension.,01150f1d09f14321867d6548389f31fa
spotify:track:11MyiSGZSYSmhhqwGUTtAq,6521770c9aeb4bffb740a9141e624077,2026-07-19T23:31:00.930877Z,1,"The commitment is aggressive and I do see your point 

James?",01150f1d09f14321867d6548389f31fa
spotify:track:11MyiSGZSYSmhhqwGUTtAq,eab45a88f95d4ae893e32ca723946d60,2026-07-20T00:14:52.91849Z,0,"Lana has better songs than this, why is this the one getting double submitted?",01150f1d09f14321867d6548389f31fa
spotify:track:11MyiSGZSYSmhhqwGUTtAq,b610d55f12f147b89502873c4b93e5ef,2026-07-19T20:05:26.601698Z,0,"Did not realize this was submitted before :(

Hopefully you guys can look past that and realize it's a good dong for the prompt",01150f1d09f14321867d6548389f31fa
spotify:track:11MyiSGZSYSmhhqwGUTtAq,8ad71d9554d24eaf877dda25758aae45,2026-07-19T02:51:41.17289Z,0,i first listened like huh this is familiar. It's because it was submitted in season 1 for the sad songs that are objectively funny week. I'm anti-recycling,01150f1d09f14321867d6548389f31fa
spotify:track:11MyiSGZSYSmhhqwGUTtAq,289b6ce1643d401f950a6eb514ddfd36,2026-07-20T01:38:00.069053Z,0,A bit much from lana if im being honest,01150f1d09f14321867d6548389f31fa
spotify:track:11MyiSGZSYSmhhqwGUTtAq,0c04c978ff14409e9018621377b6b7e9,2026-07-17T17:49:55.083947Z,0,"oh my god we get it, lana",01150f1d09f14321867d6548389f31fa
spotify:track:11MyiSGZSYSmhhqwGUTtAq,043c232c2e1040a2bc082eac10f81f12,2026-07-19T22:55:38.781261Z,0,Bad,01150f1d09f14321867d6548389f31fa
spotify:track:5PJH1U5Iie893v48Fl9yaC,b610d55f12f147b89502873c4b93e5ef,2026-07-19T20:05:26.601698Z,1,"Sure, makes sense

Guess: Jecub",01150f1d09f14321867d6548389f31fa
spotify:track:5PJH1U5Iie893v48Fl9yaC,eab45a88f95d4ae893e32ca723946d60,2026-07-20T00:14:52.91849Z,0,idk not my fav from them,01150f1d09f14321867d6548389f31fa
spotify:track:5PJH1U5Iie893v48Fl9yaC,6521770c9aeb4bffb740a9141e624077,2026-07-19T23:31:00.930877Z,0,"Hmmmmmmmmmmmm I think this just doesn't quite crack the votes for me

Michael?",01150f1d09f14321867d6548389f31fa
spotify:track:5PJH1U5Iie893v48Fl9yaC,289b6ce1643d401f950a6eb514ddfd36,2026-07-20T01:38:00.069053Z,0,BORING ! NEXT !,01150f1d09f14321867d6548389f31fa
spotify:track:5PJH1U5Iie893v48Fl9yaC,1cd356096fa0498aa955acf21944c65d,2026-07-19T18:53:25.033362Z,0,who wrote this cption man i need to ,01150f1d09f14321867d6548389f31fa
spotify:track:5PJH1U5Iie893v48Fl9yaC,0c04c978ff14409e9018621377b6b7e9,2026-07-17T17:49:55.083947Z,0,"when they are together, they are at their cringiest",01150f1d09f14321867d6548389f31fa
spotify:track:5PJH1U5Iie893v48Fl9yaC,043c232c2e1040a2bc082eac10f81f12,2026-07-19T22:55:38.781261Z,0,This one has promise for the intro but really goes downhill,01150f1d09f14321867d6548389f31fa
spotify:track:5vMTfupz6z7wlNiz0xVb4j,80213310c71e48b297cb1223ff34a32c,2026-07-20T01:13:42.98857Z,1,This is a great pull,01150f1d09f14321867d6548389f31fa
spotify:track:5vMTfupz6z7wlNiz0xVb4j,eab45a88f95d4ae893e32ca723946d60,2026-07-20T00:14:52.91849Z,0,"What kind of recording equipment were they using back then to get it to sound like this?
What would it take to recreate this exact sound today?
Questions worth pondering",01150f1d09f14321867d6548389f31fa
spotify:track:5vMTfupz6z7wlNiz0xVb4j,b610d55f12f147b89502873c4b93e5ef,2026-07-19T20:05:26.601698Z,0,"Pretty sure a performative man wouldn't be caught dead listening to James Brown after the allegations

Guess: Bobo",01150f1d09f14321867d6548389f31fa
spotify:track:5vMTfupz6z7wlNiz0xVb4j,6521770c9aeb4bffb740a9141e624077,2026-07-19T23:31:00.930877Z,0,"I guess so but just wasn't the vibe I was looking for here

",01150f1d09f14321867d6548389f31fa
spotify:track:5vMTfupz6z7wlNiz0xVb4j,043c232c2e1040a2bc082eac10f81f12,2026-07-19T22:55:38.781261Z,0,Close to getting a vote but idk,01150f1d09f14321867d6548389f31fa
spotify:track:6wm3t4VpTxSFfOUgTMlHZM,6521770c9aeb4bffb740a9141e624077,2026-07-25T19:23:15.743216Z,2,I fuck with this heavily. It's so stuck in my head honestly just exceptional work,578f90bec90e4885acc149332e38f325
spotify:track:6wm3t4VpTxSFfOUgTMlHZM,289b6ce1643d401f950a6eb514ddfd36,2026-07-26T22:36:21.521523Z,2,"We ape, mm ahh ahh, mm weep weepp mm ahh ahhh",578f90bec90e4885acc149332e38f325
spotify:track:6wm3t4VpTxSFfOUgTMlHZM,1cd356096fa0498aa955acf21944c65d,2026-07-26T21:40:12.666786Z,2,you generally can’t use character evidence to prove conduct in conformity w that character & when i realize this song was submitted by someone other than owen ill find out why ,578f90bec90e4885acc149332e38f325
spotify:track:6wm3t4VpTxSFfOUgTMlHZM,0c04c978ff14409e9018621377b6b7e9,2026-07-25T17:42:51.335775Z,2,oooOOOh thats so crunchy. ,578f90bec90e4885acc149332e38f325
spotify:track:6wm3t4VpTxSFfOUgTMlHZM,b610d55f12f147b89502873c4b93e5ef,2026-07-27T01:18:20.292964Z,1,"Not sure if a vocal chop counts as background vocals tbh but phenomenal song and I like the angle

Guess: Chuck",578f90bec90e4885acc149332e38f325
spotify:track:6wm3t4VpTxSFfOUgTMlHZM,8ad71d9554d24eaf877dda25758aae45,2026-07-25T16:55:34.17119Z,1,Wouldn't have noticed but cool stuff,578f90bec90e4885acc149332e38f325
spotify:track:6wm3t4VpTxSFfOUgTMlHZM,eab45a88f95d4ae893e32ca723946d60,2026-07-26T05:18:29.599655Z,0,"the vocal is her saying ""Mm, baby, can we talk?"" and then slicing and dicing it",578f90bec90e4885acc149332e38f325
spotify:track:7MF7QAodbGzNYav5ZfIhAY,8ad71d9554d24eaf877dda25758aae45,2026-07-25T16:55:34.17119Z,2,Those guys did their thing,578f90bec90e4885acc149332e38f325
spotify:track:7MF7QAodbGzNYav5ZfIhAY,80213310c71e48b297cb1223ff34a32c,2026-07-26T23:20:49.935391Z,2,,578f90bec90e4885acc149332e38f325
spotify:track:7MF7QAodbGzNYav5ZfIhAY,6521770c9aeb4bffb740a9141e624077,2026-07-25T19:23:15.743216Z,2,Gotta respect the pips. ,578f90bec90e4885acc149332e38f325
spotify:track:7MF7QAodbGzNYav5ZfIhAY,2514636114c2431a903f1cad7eaf72e5,2026-07-26T18:18:13.126128Z,2,,578f90bec90e4885acc149332e38f325
spotify:track:7MF7QAodbGzNYav5ZfIhAY,b610d55f12f147b89502873c4b93e5ef,2026-07-27T01:18:20.292964Z,1,"Yeah these vocals are so good

Guess: Jecub",578f90bec90e4885acc149332e38f325
spotify:track:7MF7QAodbGzNYav5ZfIhAY,eab45a88f95d4ae893e32ca723946d60,2026-07-26T05:18:29.599655Z,0,"I like it, but I actually think the song would be quite a bit better without the background vocals",578f90bec90e4885acc149332e38f325
spotify:track:7MF7QAodbGzNYav5ZfIhAY,1cd356096fa0498aa955acf21944c65d,2026-07-26T21:40:12.666786Z,0,she had a restaurant in georgia that served the best chicken and waffles & when it closed o genuinely fell to my knees in the young family kitchen ,578f90bec90e4885acc149332e38f325
spotify:track:7MF7QAodbGzNYav5ZfIhAY,0c04c978ff14409e9018621377b6b7e9,2026-07-25T17:42:51.335775Z,0,shoutout the pips,578f90bec90e4885acc149332e38f325
spotify:track:1ZEOIhSn6BKErV59bIgn76,289b6ce1643d401f950a6eb514ddfd36,2026-07-26T22:36:21.521523Z,3,"On a winters day 

Id be safe and warm 

If i was in LA 

california dreamin 

On such a winters day ",578f90bec90e4885acc149332e38f325
spotify:track:1ZEOIhSn6BKErV59bIgn76,b610d55f12f147b89502873c4b93e5ef,2026-07-27T01:18:20.292964Z,2,"Yeah this is a great answer to the prompt

Guess: Zach",578f90bec90e4885acc149332e38f325
spotify:track:1ZEOIhSn6BKErV59bIgn76,2514636114c2431a903f1cad7eaf72e5,2026-07-26T18:18:13.126128Z,1,,578f90bec90e4885acc149332e38f325
spotify:track:1ZEOIhSn6BKErV59bIgn76,1cd356096fa0498aa955acf21944c65d,2026-07-26T21:40:12.666786Z,1,"i used to listen to this all the time when i was in davis man, i really used to feel like a mama and/or a papa",578f90bec90e4885acc149332e38f325
spotify:track:1ZEOIhSn6BKErV59bIgn76,0c04c978ff14409e9018621377b6b7e9,2026-07-25T17:42:51.335775Z,1,"tried to get me with the west coast slop, too bad this song makes me think of Hong Kong in the 90s",578f90bec90e4885acc149332e38f325
spotify:track:1ZEOIhSn6BKErV59bIgn76,eab45a88f95d4ae893e32ca723946d60,2026-07-26T05:18:29.599655Z,0,i'm sure vish relates viscerally to this song,578f90bec90e4885acc149332e38f325
spotify:track:1ZEOIhSn6BKErV59bIgn76,8ad71d9554d24eaf877dda25758aae45,2026-07-25T16:55:34.17119Z,0,This seems to me more like a duet than a background vocal and i could be dead wrong but idc,578f90bec90e4885acc149332e38f325
spotify:track:1ZEOIhSn6BKErV59bIgn76,6521770c9aeb4bffb740a9141e624077,2026-07-25T19:23:15.743216Z,0,It's tough to be ruined by TikTok but that's just the way it goes. ,578f90bec90e4885acc149332e38f325
spotify:track:5WdStzLlaFAnJoYREQw3n9,eab45a88f95d4ae893e32ca723946d60,2026-07-26T05:18:29.599655Z,2,I can feel it,578f90bec90e4885acc149332e38f325
spotify:track:5WdStzLlaFAnJoYREQw3n9,8ad71d9554d24eaf877dda25758aae45,2026-07-25T16:55:34.17119Z,2,"Nice, background vocals noticeably made song better",578f90bec90e4885acc149332e38f325
spotify:track:5WdStzLlaFAnJoYREQw3n9,b610d55f12f147b89502873c4b93e5ef,2026-07-27T01:18:20.292964Z,1,"I think this is more of a duet but I’ll count it bc it’s so good and I love that they sing so much at the same time

Guess: Matthew",578f90bec90e4885acc149332e38f325
spotify:track:5WdStzLlaFAnJoYREQw3n9,0c04c978ff14409e9018621377b6b7e9,2026-07-25T17:42:51.335775Z,1,"this reminds me of indigo girls who i love. i like how they switch off who sings the harmony, its cute for a tribute album. ",578f90bec90e4885acc149332e38f325
spotify:track:5WdStzLlaFAnJoYREQw3n9,289b6ce1643d401f950a6eb514ddfd36,2026-07-26T22:36:21.521523Z,0,I wonder what race these guys are,578f90bec90e4885acc149332e38f325
spotify:track:5WdStzLlaFAnJoYREQw3n9,1cd356096fa0498aa955acf21944c65d,2026-07-26T21:40:12.666786Z,0,i thought i was done listening to this genre after last week ,578f90bec90e4885acc149332e38f325
spotify:track:32VOsoPR0N9dEZNbogPIeZ,eab45a88f95d4ae893e32ca723946d60,2026-07-26T05:18:29.599655Z,3,really kind of a banger,578f90bec90e4885acc149332e38f325
spotify:track:32VOsoPR0N9dEZNbogPIeZ,1cd356096fa0498aa955acf21944c65d,2026-07-26T21:40:12.666786Z,2,"bro has really good music, it’s a shame he was the voice of tik tok for a minute there ",578f90bec90e4885acc149332e38f325
spotify:track:32VOsoPR0N9dEZNbogPIeZ,b610d55f12f147b89502873c4b93e5ef,2026-07-27T01:18:20.292964Z,0,"I’m not sure the background vocals add more than they do to the average song

Guess: Vish",578f90bec90e4885acc149332e38f325
spotify:track:32VOsoPR0N9dEZNbogPIeZ,8ad71d9554d24eaf877dda25758aae45,2026-07-25T16:55:34.17119Z,0,Loses me in the back half,578f90bec90e4885acc149332e38f325
spotify:track:32VOsoPR0N9dEZNbogPIeZ,6521770c9aeb4bffb740a9141e624077,2026-07-25T19:23:15.743216Z,0,Why are all the Spotify short little videos so weird. I do like this though and it's explicitly because of those crazy little background voices. ,578f90bec90e4885acc149332e38f325
spotify:track:32VOsoPR0N9dEZNbogPIeZ,0c04c978ff14409e9018621377b6b7e9,2026-07-25T17:42:51.335775Z,0,"the calvin harris influence is so strong. background vocals are subtle, but they add so much brightness in a very modern way.",578f90bec90e4885acc149332e38f325
spotify:track:2AW37v0bDyuOzGP3XnmFuA,80213310c71e48b297cb1223ff34a32c,2026-07-26T23:20:49.935391Z,2,,578f90bec90e4885acc149332e38f325
spotify:track:2AW37v0bDyuOzGP3XnmFuA,0c04c978ff14409e9018621377b6b7e9,2026-07-25T17:42:51.335775Z,1,im such a sucker for 90s boy band harmonies,578f90bec90e4885acc149332e38f325
spotify:track:2AW37v0bDyuOzGP3XnmFuA,eab45a88f95d4ae893e32ca723946d60,2026-07-26T05:18:29.599655Z,0,that bridge part where the drums cut out is the most theater kid shit we've heard so far,578f90bec90e4885acc149332e38f325
spotify:track:2AW37v0bDyuOzGP3XnmFuA,b610d55f12f147b89502873c4b93e5ef,2026-07-27T01:18:20.292964Z,0,"Ehhhh maybe. Theyre voices do compent each other very well but not sure that its any differ et than most nsync songs

Guess: Baker",578f90bec90e4885acc149332e38f325
spotify:track:2AW37v0bDyuOzGP3XnmFuA,8ad71d9554d24eaf877dda25758aae45,2026-07-25T16:55:34.17119Z,0,what an era,578f90bec90e4885acc149332e38f325
spotify:track:2AW37v0bDyuOzGP3XnmFuA,6521770c9aeb4bffb740a9141e624077,2026-07-25T19:23:15.743216Z,0,Electric choice it's not about JT it's about everyone else. Unfortunately it was just beat out by fantastic choices. ,578f90bec90e4885acc149332e38f325
spotify:track:2AW37v0bDyuOzGP3XnmFuA,289b6ce1643d401f950a6eb514ddfd36,2026-07-26T22:36:21.521523Z,0,Shit used to be so different,578f90bec90e4885acc149332e38f325
spotify:track:164VgxTozx99XCinCB9ITR,80213310c71e48b297cb1223ff34a32c,2026-07-26T23:20:49.935391Z,1,,578f90bec90e4885acc149332e38f325
spotify:track:164VgxTozx99XCinCB9ITR,2514636114c2431a903f1cad7eaf72e5,2026-07-26T18:18:13.126128Z,1,,578f90bec90e4885acc149332e38f325
spotify:track:164VgxTozx99XCinCB9ITR,eab45a88f95d4ae893e32ca723946d60,2026-07-26T05:18:29.599655Z,0,it's a cute vocal showcase and nothing more,578f90bec90e4885acc149332e38f325
spotify:track:164VgxTozx99XCinCB9ITR,8ad71d9554d24eaf877dda25758aae45,2026-07-25T16:55:34.17119Z,0,There is entirely too much going on here,578f90bec90e4885acc149332e38f325
spotify:track:164VgxTozx99XCinCB9ITR,6521770c9aeb4bffb740a9141e624077,2026-07-25T19:23:15.743216Z,0,This song makes me think of the black eyed peas and 2012. I don't really know why. There's a lot happening here but it's not tickling my brain. ,578f90bec90e4885acc149332e38f325
spotify:track:164VgxTozx99XCinCB9ITR,1cd356096fa0498aa955acf21944c65d,2026-07-26T21:40:12.666786Z,0,"this is pitch perfect type music, i’m pretty sure i heard it at the end of the second movie",578f90bec90e4885acc149332e38f325
spotify:track:164VgxTozx99XCinCB9ITR,0c04c978ff14409e9018621377b6b7e9,2026-07-25T17:42:51.335775Z,0,theres like an 'ayyy' in the background that gives me the ick so hard. rest of the song is jacob collier slop which sometimes works on me,578f90bec90e4885acc149332e38f325
spotify:track:5JMY7l5GE5ze1mdkyDptdh,6521770c9aeb4bffb740a9141e624077,2026-07-25T19:23:15.743216Z,1,Yeah this does just crush the chorus with those background vocals,578f90bec90e4885acc149332e38f325
spotify:track:5JMY7l5GE5ze1mdkyDptdh,2514636114c2431a903f1cad7eaf72e5,2026-07-26T18:18:13.126128Z,1,,578f90bec90e4885acc149332e38f325
spotify:track:5JMY7l5GE5ze1mdkyDptdh,eab45a88f95d4ae893e32ca723946d60,2026-07-26T05:18:29.599655Z,0,it's just ok,578f90bec90e4885acc149332e38f325
spotify:track:5JMY7l5GE5ze1mdkyDptdh,b610d55f12f147b89502873c4b93e5ef,2026-07-27T01:18:20.292964Z,0,"Not sure this is a masterclass but I do like it

Guess: Owen",578f90bec90e4885acc149332e38f325
spotify:track:5JMY7l5GE5ze1mdkyDptdh,8ad71d9554d24eaf877dda25758aae45,2026-07-25T16:55:34.17119Z,0,i'll be honest this week is not for me so i mostly just submitted a song i think is cool,578f90bec90e4885acc149332e38f325
spotify:track:5JMY7l5GE5ze1mdkyDptdh,0c04c978ff14409e9018621377b6b7e9,2026-07-25T17:42:51.335775Z,0,adds a ton of depth lol,578f90bec90e4885acc149332e38f325
spotify:track:4jAIqgrPjKLTY9Gbez25Qb,b610d55f12f147b89502873c4b93e5ef,2026-07-27T01:18:20.292964Z,0,"This is good and blended very well

Guess: James",578f90bec90e4885acc149332e38f325
spotify:track:4jAIqgrPjKLTY9Gbez25Qb,8ad71d9554d24eaf877dda25758aae45,2026-07-25T16:55:34.17119Z,0,happy for you james,578f90bec90e4885acc149332e38f325
spotify:track:4jAIqgrPjKLTY9Gbez25Qb,6521770c9aeb4bffb740a9141e624077,2026-07-25T19:23:15.743216Z,0,Can't be throwing around top 2 and not listing 1 as well. Unfortunately I just don't agree here. Not that it's bad but not what I need here. How many songs from this album have been submitted. ,578f90bec90e4885acc149332e38f325
spotify:track:4jAIqgrPjKLTY9Gbez25Qb,0c04c978ff14409e9018621377b6b7e9,2026-07-25T17:42:51.335775Z,0,i just don't believe him,578f90bec90e4885acc149332e38f325
spotify:track:3Lm2Em6yWbpOVEX8WDJ92j,0c04c978ff14409e9018621377b6b7e9,2026-07-31T19:38:20.225036Z,4,the vocal effects make it feel like the Beatles but Texas. I’m fucking with it and I hope ‘thew is too,51277ec431f94081a9ea81314fc84bbf
spotify:track:3Lm2Em6yWbpOVEX8WDJ92j,6521770c9aeb4bffb740a9141e624077,2026-08-02T21:33:59.978588Z,1,This is in fact hella me-core,51277ec431f94081a9ea81314fc84bbf
spotify:track:3Lm2Em6yWbpOVEX8WDJ92j,289b6ce1643d401f950a6eb514ddfd36,2026-08-03T01:11:38.217294Z,1,Ok ok this playlist was getting bad. This feels like a little oasis. ,51277ec431f94081a9ea81314fc84bbf
spotify:track:3Lm2Em6yWbpOVEX8WDJ92j,2514636114c2431a903f1cad7eaf72e5,2026-08-01T19:41:59.793882Z,1,never would’ve come across this ,51277ec431f94081a9ea81314fc84bbf
spotify:track:3Lm2Em6yWbpOVEX8WDJ92j,eab45a88f95d4ae893e32ca723946d60,2026-08-01T05:31:39.239891Z,0,"very very thew, it’s not bad just not my fav. Runner-up for a vote type of thing",51277ec431f94081a9ea81314fc84bbf
spotify:track:3Lm2Em6yWbpOVEX8WDJ92j,b610d55f12f147b89502873c4b93e5ef,2026-07-31T03:33:07.783247Z,0,"Yeah idk about this one. Seems like country + Tame impala voice which I’m not against in theory but this ain’t it

Guess: Owen",51277ec431f94081a9ea81314fc84bbf
spotify:track:3Lm2Em6yWbpOVEX8WDJ92j,1cd356096fa0498aa955acf21944c65d,2026-08-01T18:56:48.985063Z,0,i have no idea how to vote here man these could all me matthew ,51277ec431f94081a9ea81314fc84bbf
spotify:track:66UTXtMAmhq5EpFJttD8rq,1cd356096fa0498aa955acf21944c65d,2026-08-01T18:56:48.985063Z,3,this may be a 5 vote getter for me. first song i don’t wanna skip + i could see thew absolutely ROCKING this one — well done sir ,51277ec431f94081a9ea81314fc84bbf
spotify:track:66UTXtMAmhq5EpFJttD8rq,8ad71d9554d24eaf877dda25758aae45,2026-08-03T00:13:26.775462Z,2,"only one that i haven't heard before, i like, and could see matthew listening to, so 2 votes",51277ec431f94081a9ea81314fc84bbf
spotify:track:66UTXtMAmhq5EpFJttD8rq,b610d55f12f147b89502873c4b93e5ef,2026-07-31T03:33:07.783247Z,1,"Matthew do be singing but not like this. Could see him liking it tho

Guess: Vish",51277ec431f94081a9ea81314fc84bbf
spotify:track:66UTXtMAmhq5EpFJttD8rq,2188964000cf410c8dbf4fd04eb76fed,2026-08-01T00:35:40.140443Z,1,,51277ec431f94081a9ea81314fc84bbf
spotify:track:66UTXtMAmhq5EpFJttD8rq,eab45a88f95d4ae893e32ca723946d60,2026-08-01T05:31:39.239891Z,0,"Kinda mid, idk it just doesn’t do anything for me",51277ec431f94081a9ea81314fc84bbf
spotify:track:66UTXtMAmhq5EpFJttD8rq,6521770c9aeb4bffb740a9141e624077,2026-08-02T21:33:59.978588Z,0,"Intriguing statement. I do like their other very popular song and this one, but I think it's more of an outlier on my music ",51277ec431f94081a9ea81314fc84bbf
spotify:track:66UTXtMAmhq5EpFJttD8rq,2514636114c2431a903f1cad7eaf72e5,2026-08-01T19:41:59.793882Z,0,this went hard in 2014 ,51277ec431f94081a9ea81314fc84bbf
spotify:track:66UTXtMAmhq5EpFJttD8rq,0c04c978ff14409e9018621377b6b7e9,2026-07-31T19:38:20.225036Z,0,"KONGOS haha
what happened to bands like this straight up chanting on the track",51277ec431f94081a9ea81314fc84bbf
spotify:track:1jKXDWXStKoArZvty3wEZp,eab45a88f95d4ae893e32ca723946d60,2026-08-01T05:31:39.239891Z,2,"such a fun song
I was getting nostalgia listening to it, and then I learned that this song, or at least a remix of it, is used in like literally every video game ever

Also somehow they aren’t British?!?! This is honestly just so unbelievable to me",51277ec431f94081a9ea81314fc84bbf
spotify:track:1jKXDWXStKoArZvty3wEZp,80213310c71e48b297cb1223ff34a32c,2026-08-03T00:59:51.487013Z,2,,51277ec431f94081a9ea81314fc84bbf
spotify:track:1jKXDWXStKoArZvty3wEZp,8ad71d9554d24eaf877dda25758aae45,2026-08-03T00:13:26.775462Z,1,Ohh that song. Yeah i see it,51277ec431f94081a9ea81314fc84bbf
spotify:track:1jKXDWXStKoArZvty3wEZp,2514636114c2431a903f1cad7eaf72e5,2026-08-01T19:41:59.793882Z,1,mmmm that’s it. Name fits too,51277ec431f94081a9ea81314fc84bbf
spotify:track:1jKXDWXStKoArZvty3wEZp,b610d55f12f147b89502873c4b93e5ef,2026-07-31T03:33:07.783247Z,0,"I find this song quite annoying but Matthew could like it I guess

Guess: Bobo",51277ec431f94081a9ea81314fc84bbf
spotify:track:1jKXDWXStKoArZvty3wEZp,289b6ce1643d401f950a6eb514ddfd36,2026-08-03T01:11:38.217294Z,0,In college my friend Abrielle made guacamole once and even that wasn’t as bland as this song.,51277ec431f94081a9ea81314fc84bbf
spotify:track:1jKXDWXStKoArZvty3wEZp,0c04c978ff14409e9018621377b6b7e9,2026-07-31T19:38:20.225036Z,0,Matt and Kim are divorced following a 3 year long custody battle for their daughter ,51277ec431f94081a9ea81314fc84bbf
spotify:track:2ccUQnjjNWT0rsNnsBpsCA,eab45a88f95d4ae893e32ca723946d60,2026-08-01T05:31:39.239891Z,2,"ok this is a good one. I knew this sounded familiar, so I did my research: it’s in guardians of the galaxy 2. The intro sounds also remind me of mario kart for some reason",51277ec431f94081a9ea81314fc84bbf
spotify:track:2ccUQnjjNWT0rsNnsBpsCA,289b6ce1643d401f950a6eb514ddfd36,2026-08-03T01:11:38.217294Z,2,Lmfao yeah this one is matthew vibes for sure,51277ec431f94081a9ea81314fc84bbf
spotify:track:2ccUQnjjNWT0rsNnsBpsCA,6521770c9aeb4bffb740a9141e624077,2026-08-02T21:33:59.978588Z,1,I mean yeah this a favorite of my mother and therefore me,51277ec431f94081a9ea81314fc84bbf
spotify:track:2ccUQnjjNWT0rsNnsBpsCA,2514636114c2431a903f1cad7eaf72e5,2026-08-01T19:41:59.793882Z,1,,51277ec431f94081a9ea81314fc84bbf
spotify:track:2ccUQnjjNWT0rsNnsBpsCA,b610d55f12f147b89502873c4b93e5ef,2026-07-31T03:33:07.783247Z,0,"Classic classic rock. Not sure it’s the best Matthew submission here

Guess: Baker",51277ec431f94081a9ea81314fc84bbf
spotify:track:2ccUQnjjNWT0rsNnsBpsCA,1cd356096fa0498aa955acf21944c65d,2026-08-01T18:56:48.985063Z,0,matthew i feel like you’d do well in the 90s in like seattle or something ,51277ec431f94081a9ea81314fc84bbf
spotify:track:2ccUQnjjNWT0rsNnsBpsCA,0c04c978ff14409e9018621377b6b7e9,2026-07-31T19:38:20.225036Z,0,This one would not have been skipped on the PS4,51277ec431f94081a9ea81314fc84bbf
spotify:track:1yJpc2rAA2TiLdHQesSNzU,80213310c71e48b297cb1223ff34a32c,2026-08-03T00:59:51.487013Z,2,,51277ec431f94081a9ea81314fc84bbf
spotify:track:1yJpc2rAA2TiLdHQesSNzU,2188964000cf410c8dbf4fd04eb76fed,2026-08-01T00:35:40.140443Z,2,,51277ec431f94081a9ea81314fc84bbf
spotify:track:1yJpc2rAA2TiLdHQesSNzU,2514636114c2431a903f1cad7eaf72e5,2026-08-01T19:41:59.793882Z,1,mmmm that’s it. Name fits too. ,51277ec431f94081a9ea81314fc84bbf
spotify:track:1yJpc2rAA2TiLdHQesSNzU,eab45a88f95d4ae893e32ca723946d60,2026-08-01T05:31:39.239891Z,0,"idk it doesn’t do it for me, but I can imagine thew could fw it",51277ec431f94081a9ea81314fc84bbf
spotify:track:1yJpc2rAA2TiLdHQesSNzU,b610d55f12f147b89502873c4b93e5ef,2026-07-31T03:33:07.783247Z,0,"I forgot I was listening to this song while it was on like 5 times so I had to go back and relisten

Guess: Jecub",51277ec431f94081a9ea81314fc84bbf
spotify:track:1yJpc2rAA2TiLdHQesSNzU,8ad71d9554d24eaf877dda25758aae45,2026-08-03T00:13:26.775462Z,0,ive never seen this movie but it does feel like a movie song (derogatory),51277ec431f94081a9ea81314fc84bbf
spotify:track:1yJpc2rAA2TiLdHQesSNzU,6521770c9aeb4bffb740a9141e624077,2026-08-02T21:33:59.978588Z,0,I liked the is one and understand the plot but I just don't think it's hitting quite right,51277ec431f94081a9ea81314fc84bbf
spotify:track:1yJpc2rAA2TiLdHQesSNzU,289b6ce1643d401f950a6eb514ddfd36,2026-08-03T01:11:38.217294Z,0,This one definitely captures the 99° day in July vibe that seems to be when I feel like my matthew adventures have largely taken place ,51277ec431f94081a9ea81314fc84bbf
spotify:track:1yJpc2rAA2TiLdHQesSNzU,1cd356096fa0498aa955acf21944c65d,2026-08-01T18:56:48.985063Z,0,"1. incredible band name really 
2. of thew had a sitcom this would be the opening track for sure wow ",51277ec431f94081a9ea81314fc84bbf
spotify:track:1yJpc2rAA2TiLdHQesSNzU,0c04c978ff14409e9018621377b6b7e9,2026-07-31T19:38:20.225036Z,0,Matchbox 20 kinda stole this guitar intro and made it better ,51277ec431f94081a9ea81314fc84bbf
spotify:track:2FPsER4Qd9JsfunkyuBoyX,8ad71d9554d24eaf877dda25758aae45,2026-08-03T00:13:26.775462Z,1,i feel like the start of this song sounds like a lot of other songs. its nice,51277ec431f94081a9ea81314fc84bbf
spotify:track:2FPsER4Qd9JsfunkyuBoyX,6521770c9aeb4bffb740a9141e624077,2026-08-02T21:33:59.978588Z,1,I did not know about these people but I enjoy these beans they remind me of another band called the Thermals,51277ec431f94081a9ea81314fc84bbf
spotify:track:2FPsER4Qd9JsfunkyuBoyX,2514636114c2431a903f1cad7eaf72e5,2026-08-01T19:41:59.793882Z,1,could be in the background of Psych,51277ec431f94081a9ea81314fc84bbf
spotify:track:2FPsER4Qd9JsfunkyuBoyX,eab45a88f95d4ae893e32ca723946d60,2026-08-01T05:31:39.239891Z,0,"I tried to enjoy this, I really tried. I just don’t like it",51277ec431f94081a9ea81314fc84bbf
spotify:track:2FPsER4Qd9JsfunkyuBoyX,289b6ce1643d401f950a6eb514ddfd36,2026-08-03T01:11:38.217294Z,0,😐,51277ec431f94081a9ea81314fc84bbf
spotify:track:2FPsER4Qd9JsfunkyuBoyX,1cd356096fa0498aa955acf21944c65d,2026-08-01T18:56:48.985063Z,0,"dude this is the 3rd song so far that’s felt like sitcom music to me, is that what it’s like to be matthew ?",51277ec431f94081a9ea81314fc84bbf
spotify:track:2FPsER4Qd9JsfunkyuBoyX,0c04c978ff14409e9018621377b6b7e9,2026-07-31T19:38:20.225036Z,0,the band that wrote Matthews submission last week??? couldn’t get that by me ,51277ec431f94081a9ea81314fc84bbf
spotify:track:2PdIo7ewQPuAsP99LVg9uy,6521770c9aeb4bffb740a9141e624077,2026-08-02T21:33:59.978588Z,1,"This was a crazy way to learn more about sublime. Specifically that they are technically a ska band?!? Shocking outcome. I do quite like this, but I understand why compared to what I got and Santeria this one didn't make waves. ",51277ec431f94081a9ea81314fc84bbf
spotify:track:2PdIo7ewQPuAsP99LVg9uy,1cd356096fa0498aa955acf21944c65d,2026-08-01T18:56:48.985063Z,1,"well qualified to represent the LBC !

you should’ve submitted Santeria tho",51277ec431f94081a9ea81314fc84bbf
spotify:track:2PdIo7ewQPuAsP99LVg9uy,0c04c978ff14409e9018621377b6b7e9,2026-07-31T19:38:20.225036Z,1,"this has the silly but serious energy matthew likes in music and brings in real life. 

imagine i get this back tattoo but it says SUCK ME",51277ec431f94081a9ea81314fc84bbf
spotify:track:2PdIo7ewQPuAsP99LVg9uy,b610d55f12f147b89502873c4b93e5ef,2026-07-31T03:33:07.783247Z,0,"This rubs me the Wrong Way

Guess: James",51277ec431f94081a9ea81314fc84bbf
spotify:track:2PdIo7ewQPuAsP99LVg9uy,8ad71d9554d24eaf877dda25758aae45,2026-08-03T00:13:26.775462Z,0,This rubbed me the wrong way,51277ec431f94081a9ea81314fc84bbf
spotify:track:2PdIo7ewQPuAsP99LVg9uy,289b6ce1643d401f950a6eb514ddfd36,2026-08-03T01:11:38.217294Z,0,nope hahaha does not remind me of matthew,51277ec431f94081a9ea81314fc84bbf
spotify:track:67Hna13dNDkZvBpTXRIaOJ,6521770c9aeb4bffb740a9141e624077,2026-08-02T21:33:59.978588Z,1,I mean yeah house fucking rules  obviously. That alone gets a vote in addition to being quite good. I would say my constant watching of tv makes up for this not being the most on point genre hit,51277ec431f94081a9ea81314fc84bbf
spotify:track:67Hna13dNDkZvBpTXRIaOJ,289b6ce1643d401f950a6eb514ddfd36,2026-08-03T01:11:38.217294Z,1,"Finally a drumline with some bounce lol 

Gonna assume this was charlie, who, to be fair, definitely had an uphill battle going into this. I also feel like matthew would like this kinda as somethin a bit different",51277ec431f94081a9ea81314fc84bbf
spotify:track:67Hna13dNDkZvBpTXRIaOJ,1cd356096fa0498aa955acf21944c65d,2026-08-01T18:56:48.985063Z,1,i trust you + diversity + good song ,51277ec431f94081a9ea81314fc84bbf
spotify:track:67Hna13dNDkZvBpTXRIaOJ,b610d55f12f147b89502873c4b93e5ef,2026-07-31T03:33:07.783247Z,0,"Too experimental for Matthew? Idk but I love this song and album

Guess: Chuck",51277ec431f94081a9ea81314fc84bbf
spotify:track:67Hna13dNDkZvBpTXRIaOJ,0c04c978ff14409e9018621377b6b7e9,2026-07-31T19:38:20.225036Z,0,I was waiting for the song to change but it’s kinda one thing throughout,51277ec431f94081a9ea81314fc84bbf
spotify:track:5xqxq73BSIr3303mn1Dnqz,b610d55f12f147b89502873c4b93e5ef,2026-07-31T03:33:07.783247Z,2,"Yep I can see this one for Matthew

Guess: Zach",51277ec431f94081a9ea81314fc84bbf
spotify:track:5xqxq73BSIr3303mn1Dnqz,eab45a88f95d4ae893e32ca723946d60,2026-08-01T05:31:39.239891Z,1,"Jack doing modern era Bon Iver, kinda cute idk",51277ec431f94081a9ea81314fc84bbf
spotify:track:5xqxq73BSIr3303mn1Dnqz,8ad71d9554d24eaf877dda25758aae45,2026-08-03T00:13:26.775462Z,0,i just can't see Matthew being a Jack Antanoff guy,51277ec431f94081a9ea81314fc84bbf
spotify:track:5xqxq73BSIr3303mn1Dnqz,6521770c9aeb4bffb740a9141e624077,2026-08-02T21:33:59.978588Z,0,Certainly I have been listening to the new bleachers album. However I'm not sure that this really is wildly related to my music if only because they switched it up some. I do really like it. ,51277ec431f94081a9ea81314fc84bbf
spotify:track:5xqxq73BSIr3303mn1Dnqz,289b6ce1643d401f950a6eb514ddfd36,2026-08-03T01:11:38.217294Z,0,"i think bleacher has better songs, and i dont think math would like autotune. ",51277ec431f94081a9ea81314fc84bbf
spotify:track:5xqxq73BSIr3303mn1Dnqz,1cd356096fa0498aa955acf21944c65d,2026-08-01T18:56:48.985063Z,0,on one hand i commend you for not submitting sitcom music but i really don’t know that this hits my thew association ,51277ec431f94081a9ea81314fc84bbf
spotify:track:5xqxq73BSIr3303mn1Dnqz,0c04c978ff14409e9018621377b6b7e9,2026-07-31T19:38:20.225036Z,0,bro ‘’’ we should talk. you can’t be submitting jack antonoff voice notes ,51277ec431f94081a9ea81314fc84bbf
spotify:track:4V9JDRqKjN8F2HWdlEDxvI,eab45a88f95d4ae893e32ca723946d60,2026-08-01T05:31:39.239891Z,0,It’s alright,51277ec431f94081a9ea81314fc84bbf
spotify:track:4V9JDRqKjN8F2HWdlEDxvI,b610d55f12f147b89502873c4b93e5ef,2026-07-31T03:33:07.783247Z,0,"I mean this is a banger but not exactly new to him I’m sure

Guess: Minnes",51277ec431f94081a9ea81314fc84bbf
spotify:track:4V9JDRqKjN8F2HWdlEDxvI,8ad71d9554d24eaf877dda25758aae45,2026-08-03T00:13:26.775462Z,0,"it's not even a bad song, but submitting Maroon 5 on the week where it's supposed to be the most 'them' song, is so rude",51277ec431f94081a9ea81314fc84bbf
spotify:track:4V9JDRqKjN8F2HWdlEDxvI,6521770c9aeb4bffb740a9141e624077,2026-08-02T21:33:59.978588Z,0,I appreciate the caveat that it's not just that maroon 5 is my music taste and this is a solid maroon 5 song. Which one of you calls me Matt?,51277ec431f94081a9ea81314fc84bbf
spotify:track:4V9JDRqKjN8F2HWdlEDxvI,1cd356096fa0498aa955acf21944c65d,2026-08-01T18:56:48.985063Z,0,the establishment is gonna see through me on this one fr ,51277ec431f94081a9ea81314fc84bbf
spotify:track:4V9JDRqKjN8F2HWdlEDxvI,0c04c978ff14409e9018621377b6b7e9,2026-07-31T19:38:20.225036Z,0,Adam Levine is too much of a fuck boy / coward to make hard rock. Stick to the flaccid stuff,51277ec431f94081a9ea81314fc84bbf
spotify:track:2EWpa5XnAuSn0sIkSSIhYk,b610d55f12f147b89502873c4b93e5ef,2026-07-31T03:33:07.783247Z,2,"Matthew core for sure

Guess: Matthew",51277ec431f94081a9ea81314fc84bbf
spotify:track:2EWpa5XnAuSn0sIkSSIhYk,2188964000cf410c8dbf4fd04eb76fed,2026-08-01T00:35:40.140443Z,2,,51277ec431f94081a9ea81314fc84bbf
spotify:track:2EWpa5XnAuSn0sIkSSIhYk,8ad71d9554d24eaf877dda25758aae45,2026-08-03T00:13:26.775462Z,1,Yeah classic,51277ec431f94081a9ea81314fc84bbf
spotify:track:2EWpa5XnAuSn0sIkSSIhYk,80213310c71e48b297cb1223ff34a32c,2026-08-03T00:59:51.487013Z,1,,51277ec431f94081a9ea81314fc84bbf
spotify:track:2EWpa5XnAuSn0sIkSSIhYk,289b6ce1643d401f950a6eb514ddfd36,2026-08-03T01:11:38.217294Z,1,damn zach i feel like ive submitted this song in the past. Or at least i almost have and/or was planning on it,51277ec431f94081a9ea81314fc84bbf
spotify:track:2EWpa5XnAuSn0sIkSSIhYk,eab45a88f95d4ae893e32ca723946d60,2026-08-01T05:31:39.239891Z,0,"sonically, it has dancing in the moonlight vibes, definitely thew core

ndb, but the moonlight connection gives me bad vibes / trauma

I also just don’t really like his voice, like I feel like he kinda ruins the song. The strings that start in first like 10 seconds are cool",51277ec431f94081a9ea81314fc84bbf
spotify:track:2EWpa5XnAuSn0sIkSSIhYk,6521770c9aeb4bffb740a9141e624077,2026-08-02T21:33:59.978588Z,0,This is accurate but sort of a layup to submit the top alt rock song from 2016-17,51277ec431f94081a9ea81314fc84bbf
spotify:track:2EWpa5XnAuSn0sIkSSIhYk,2514636114c2431a903f1cad7eaf72e5,2026-08-01T19:41:59.793882Z,0,I love this song,51277ec431f94081a9ea81314fc84bbf
spotify:track:2EWpa5XnAuSn0sIkSSIhYk,1cd356096fa0498aa955acf21944c65d,2026-08-01T18:56:48.985063Z,0,matthew may be m most caucasian friend ,51277ec431f94081a9ea81314fc84bbf
spotify:track:2EWpa5XnAuSn0sIkSSIhYk,0c04c978ff14409e9018621377b6b7e9,2026-07-31T19:38:20.225036Z,0,I love some fucking Matthew music when the mood is right ,51277ec431f94081a9ea81314fc84bbf
spotify:track:10wJ35whDsMVQ04fhkR5QS,6521770c9aeb4bffb740a9141e624077,2026-08-09T16:51:55.846756Z,2,This grew on me so much,1ceb6ca59db84a61a26031f3eff9d35e
spotify:track:10wJ35whDsMVQ04fhkR5QS,eab45a88f95d4ae893e32ca723946d60,2026-08-09T01:45:01.515358Z,1,Goes so hard,1ceb6ca59db84a61a26031f3eff9d35e
spotify:track:10wJ35whDsMVQ04fhkR5QS,b610d55f12f147b89502873c4b93e5ef,2026-08-08T19:14:52.55527Z,1,"Definitely a lot of drugs in this song. Also a sick song on its own

Guess: Owen (I saw you listening on Spotify 🤫)",1ceb6ca59db84a61a26031f3eff9d35e
spotify:track:10wJ35whDsMVQ04fhkR5QS,2514636114c2431a903f1cad7eaf72e5,2026-08-09T17:04:19.975823Z,1,goated,1ceb6ca59db84a61a26031f3eff9d35e
spotify:track:10wJ35whDsMVQ04fhkR5QS,1cd356096fa0498aa955acf21944c65d,2026-08-09T16:23:43.565496Z,1,"once again, owen knows that you gotta hit the club, and gotta make that ass jump",1ceb6ca59db84a61a26031f3eff9d35e
spotify:track:10wJ35whDsMVQ04fhkR5QS,0c04c978ff14409e9018621377b6b7e9,2026-08-09T16:49:33.970465Z,1,i like this song but i dont physically resonate with the tempo,1ceb6ca59db84a61a26031f3eff9d35e
spotify:track:10wJ35whDsMVQ04fhkR5QS,043c232c2e1040a2bc082eac10f81f12,2026-08-09T14:27:57.071106Z,1,This one was a good vibe for the theme,1ceb6ca59db84a61a26031f3eff9d35e
spotify:track:10wJ35whDsMVQ04fhkR5QS,8ad71d9554d24eaf877dda25758aae45,2026-08-06T16:59:55.059954Z,0,"i was debating between this or a Morgan Wallen song, which i find amusing",1ceb6ca59db84a61a26031f3eff9d35e
spotify:track:10wJ35whDsMVQ04fhkR5QS,289b6ce1643d401f950a6eb514ddfd36,2026-08-10T00:02:25.338848Z,0,Şēx møñêÿ bĩťçħẽş & ŵëėð ,1ceb6ca59db84a61a26031f3eff9d35e
spotify:track:12CNybio0Bxean3F3uYugU,eab45a88f95d4ae893e32ca723946d60,2026-08-09T01:45:01.515358Z,2,Extremely vibrational,1ceb6ca59db84a61a26031f3eff9d35e
spotify:track:12CNybio0Bxean3F3uYugU,b610d55f12f147b89502873c4b93e5ef,2026-08-08T19:14:52.55527Z,1,"Smino can rap

Guess: James",1ceb6ca59db84a61a26031f3eff9d35e
spotify:track:12CNybio0Bxean3F3uYugU,8ad71d9554d24eaf877dda25758aae45,2026-08-06T16:59:55.059954Z,1,has some really good moments,1ceb6ca59db84a61a26031f3eff9d35e
spotify:track:12CNybio0Bxean3F3uYugU,289b6ce1643d401f950a6eb514ddfd36,2026-08-10T00:02:25.338848Z,1,"jecubb is that youu
",1ceb6ca59db84a61a26031f3eff9d35e
spotify:track:12CNybio0Bxean3F3uYugU,1cd356096fa0498aa955acf21944c65d,2026-08-09T16:23:43.565496Z,1,is this sampling potato salad ? this is niceeeee,1ceb6ca59db84a61a26031f3eff9d35e
spotify:track:12CNybio0Bxean3F3uYugU,0c04c978ff14409e9018621377b6b7e9,2026-08-09T16:49:33.970465Z,0,"smino is such a vibe, this is what friday feels like to me",1ceb6ca59db84a61a26031f3eff9d35e
spotify:track:0dSXFiK5FccucA4wo3ZVpe,80213310c71e48b297cb1223ff34a32c,2026-08-10T00:09:39.345557Z,2,,1ceb6ca59db84a61a26031f3eff9d35e
spotify:track:0dSXFiK5FccucA4wo3ZVpe,043c232c2e1040a2bc082eac10f81f12,2026-08-09T14:27:57.071106Z,2,Never heard this before but it is a cool song,1ceb6ca59db84a61a26031f3eff9d35e
spotify:track:0dSXFiK5FccucA4wo3ZVpe,eab45a88f95d4ae893e32ca723946d60,2026-08-09T01:45:01.515358Z,1,"Labrinth+Zendaya went god mode on the euphoria soundtrack, so good",1ceb6ca59db84a61a26031f3eff9d35e
spotify:track:0dSXFiK5FccucA4wo3ZVpe,289b6ce1643d401f950a6eb514ddfd36,2026-08-10T00:02:25.338848Z,1,classic sea snell sub,1ceb6ca59db84a61a26031f3eff9d35e
spotify:track:0dSXFiK5FccucA4wo3ZVpe,b610d55f12f147b89502873c4b93e5ef,2026-08-08T19:14:52.55527Z,0,"I’ve never heard this version before but goddamn. The S1 euphoria soundtrack really was goated.

Guess: Chuck",1ceb6ca59db84a61a26031f3eff9d35e
spotify:track:0dSXFiK5FccucA4wo3ZVpe,8ad71d9554d24eaf877dda25758aae45,2026-08-06T16:59:55.059954Z,0,"i've since learned this is from Euphoria, but i havent watched that so just going off the song, i don't really know what the vice is supposed to be, it's all about sacrificing for their family ",1ceb6ca59db84a61a26031f3eff9d35e
spotify:track:0dSXFiK5FccucA4wo3ZVpe,2514636114c2431a903f1cad7eaf72e5,2026-08-09T17:04:19.975823Z,0,TikTok song ,1ceb6ca59db84a61a26031f3eff9d35e
spotify:track:0dSXFiK5FccucA4wo3ZVpe,1cd356096fa0498aa955acf21944c65d,2026-08-09T16:23:43.565496Z,0,"https://youtu.be/XrPcPXR2KXs?si=PDUNEs0uweY96ZMn

this show wouldve been goated if the writers werent such PERVERTS! regardless the best part of it was always the art and visuals regardless of what yall establishment niggas have to say",1ceb6ca59db84a61a26031f3eff9d35e
spotify:track:0dSXFiK5FccucA4wo3ZVpe,0c04c978ff14409e9018621377b6b7e9,2026-08-09T16:49:33.970465Z,0,what can't she do??,1ceb6ca59db84a61a26031f3eff9d35e
spotify:track:3ykSdTGmYPFl8pDBXer1zG,8ad71d9554d24eaf877dda25758aae45,2026-08-06T16:59:55.059954Z,2,"This song is a bit on the nose, lol. And with a good guitar",1ceb6ca59db84a61a26031f3eff9d35e
spotify:track:3ykSdTGmYPFl8pDBXer1zG,80213310c71e48b297cb1223ff34a32c,2026-08-10T00:09:39.345557Z,2,,1ceb6ca59db84a61a26031f3eff9d35e
spotify:track:3ykSdTGmYPFl8pDBXer1zG,6521770c9aeb4bffb740a9141e624077,2026-08-09T16:51:55.846756Z,1,,1ceb6ca59db84a61a26031f3eff9d35e
spotify:track:3ykSdTGmYPFl8pDBXer1zG,1cd356096fa0498aa955acf21944c65d,2026-08-09T16:23:43.565496Z,1,"got some soul to it, this was a fun one ",1ceb6ca59db84a61a26031f3eff9d35e
spotify:track:3ykSdTGmYPFl8pDBXer1zG,b610d55f12f147b89502873c4b93e5ef,2026-08-08T19:14:52.55527Z,0,"This was also the first song I thought of for this week. A bit on the nose I think

Guess: Bobo",1ceb6ca59db84a61a26031f3eff9d35e
spotify:track:3ykSdTGmYPFl8pDBXer1zG,289b6ce1643d401f950a6eb514ddfd36,2026-08-10T00:02:25.338848Z,0,Feel that cocaine in my soul,1ceb6ca59db84a61a26031f3eff9d35e
spotify:track:3ykSdTGmYPFl8pDBXer1zG,0c04c978ff14409e9018621377b6b7e9,2026-08-09T16:49:33.970465Z,0,this doesnt have enough cocaine for me,1ceb6ca59db84a61a26031f3eff9d35e
spotify:track:1nXZnTALNXiPlvXotqHm66,0c04c978ff14409e9018621377b6b7e9,2026-08-09T16:49:33.970465Z,2,"i dont think i really get the metaphor but i still like this song. 

i guess if keeping something dangerous near you is a vice then yea i see it",1ceb6ca59db84a61a26031f3eff9d35e
spotify:track:1nXZnTALNXiPlvXotqHm66,b610d55f12f147b89502873c4b93e5ef,2026-08-08T19:14:52.55527Z,1,"Okay I think this counts and you clearly put a lot of thought into it. Thank you for the explanation

Guess: Vish",1ceb6ca59db84a61a26031f3eff9d35e
spotify:track:1nXZnTALNXiPlvXotqHm66,289b6ce1643d401f950a6eb514ddfd36,2026-08-10T00:02:25.338848Z,1,hmmmm…. Might have to give you a big wet kiss after this submission ,1ceb6ca59db84a61a26031f3eff9d35e
spotify:track:1nXZnTALNXiPlvXotqHm66,1cd356096fa0498aa955acf21944c65d,2026-08-09T16:23:43.565496Z,1,if this isnt zach jonas ill eat a strawberry ,1ceb6ca59db84a61a26031f3eff9d35e
spotify:track:1nXZnTALNXiPlvXotqHm66,8ad71d9554d24eaf877dda25758aae45,2026-08-06T16:59:55.059954Z,0,tyler just doesn't do anything for me idk,1ceb6ca59db84a61a26031f3eff9d35e
spotify:track:1nXZnTALNXiPlvXotqHm66,2514636114c2431a903f1cad7eaf72e5,2026-08-09T17:04:19.975823Z,0,he’s just trying too much,1ceb6ca59db84a61a26031f3eff9d35e
spotify:track:1nXZnTALNXiPlvXotqHm66,043c232c2e1040a2bc082eac10f81f12,2026-08-09T14:27:57.071106Z,0,This was such a good album,1ceb6ca59db84a61a26031f3eff9d35e
spotify:track:3WkibOpDF7cQ5xntM1epyf,2188964000cf410c8dbf4fd04eb76fed,2026-08-09T22:29:10.344678Z,2,,1ceb6ca59db84a61a26031f3eff9d35e
spotify:track:3WkibOpDF7cQ5xntM1epyf,b610d55f12f147b89502873c4b93e5ef,2026-08-08T19:14:52.55527Z,1,"Hahahahha I haven’t heard this song in years. Thank you

Guess: Zach",1ceb6ca59db84a61a26031f3eff9d35e
spotify:track:3WkibOpDF7cQ5xntM1epyf,289b6ce1643d401f950a6eb514ddfd36,2026-08-10T00:02:25.338848Z,1,"Sir sir, you are under arrest. For submitting a fucking banger. ",1ceb6ca59db84a61a26031f3eff9d35e
spotify:track:3WkibOpDF7cQ5xntM1epyf,043c232c2e1040a2bc082eac10f81f12,2026-08-09T14:27:57.071106Z,1,This is true love right here,1ceb6ca59db84a61a26031f3eff9d35e
spotify:track:3WkibOpDF7cQ5xntM1epyf,eab45a88f95d4ae893e32ca723946d60,2026-08-09T01:45:01.515358Z,0,It’s entertaining,1ceb6ca59db84a61a26031f3eff9d35e
spotify:track:3WkibOpDF7cQ5xntM1epyf,1cd356096fa0498aa955acf21944c65d,2026-08-09T16:23:43.565496Z,0,im all for using every room in your home but banging on the bathroom floor ?? nothing says sexy like cold tiles and mildewey smelling bath mats ,1ceb6ca59db84a61a26031f3eff9d35e
spotify:track:3WkibOpDF7cQ5xntM1epyf,0c04c978ff14409e9018621377b6b7e9,2026-08-09T16:49:33.970465Z,0,i love this caption,1ceb6ca59db84a61a26031f3eff9d35e
spotify:track:5HNCy40Ni5BZJFw1TKzRsC,2514636114c2431a903f1cad7eaf72e5,2026-08-09T17:04:19.975823Z,2,,1ceb6ca59db84a61a26031f3eff9d35e
spotify:track:5HNCy40Ni5BZJFw1TKzRsC,eab45a88f95d4ae893e32ca723946d60,2026-08-09T01:45:01.515358Z,1,This one puts you under fr,1ceb6ca59db84a61a26031f3eff9d35e
spotify:track:5HNCy40Ni5BZJFw1TKzRsC,8ad71d9554d24eaf877dda25758aae45,2026-08-06T16:59:55.059954Z,1,I listened to a lot of pink floyd in my dad's car as a kid and never realized how many obvious drug references i missed,1ceb6ca59db84a61a26031f3eff9d35e
spotify:track:5HNCy40Ni5BZJFw1TKzRsC,2188964000cf410c8dbf4fd04eb76fed,2026-08-09T22:29:10.344678Z,1,,1ceb6ca59db84a61a26031f3eff9d35e
spotify:track:5HNCy40Ni5BZJFw1TKzRsC,289b6ce1643d401f950a6eb514ddfd36,2026-08-10T00:02:25.338848Z,0,Damn this shits fucking hard ,1ceb6ca59db84a61a26031f3eff9d35e
spotify:track:5HNCy40Ni5BZJFw1TKzRsC,1cd356096fa0498aa955acf21944c65d,2026-08-09T16:23:43.565496Z,0,"the white ppl will give you your votes, im not gonna, but this is a good song ",1ceb6ca59db84a61a26031f3eff9d35e
spotify:track:5HNCy40Ni5BZJFw1TKzRsC,0c04c978ff14409e9018621377b6b7e9,2026-08-09T16:49:33.970465Z,0,being british is the vice here,1ceb6ca59db84a61a26031f3eff9d35e
spotify:track:14OxJlLdcHNpgsm4DRwDOB,6521770c9aeb4bffb740a9141e624077,2026-08-09T16:51:55.846756Z,2,Yeah this is a damn good throwback,1ceb6ca59db84a61a26031f3eff9d35e
spotify:track:14OxJlLdcHNpgsm4DRwDOB,2188964000cf410c8dbf4fd04eb76fed,2026-08-09T22:29:10.344678Z,2,,1ceb6ca59db84a61a26031f3eff9d35e
spotify:track:14OxJlLdcHNpgsm4DRwDOB,2514636114c2431a903f1cad7eaf72e5,2026-08-09T17:04:19.975823Z,1,They call her the Beethoven of 2014,1ceb6ca59db84a61a26031f3eff9d35e
spotify:track:14OxJlLdcHNpgsm4DRwDOB,eab45a88f95d4ae893e32ca723946d60,2026-08-09T01:45:01.515358Z,0,i don’t remember too much from fall 2014,1ceb6ca59db84a61a26031f3eff9d35e
spotify:track:14OxJlLdcHNpgsm4DRwDOB,b610d55f12f147b89502873c4b93e5ef,2026-08-08T19:14:52.55527Z,0,"Bold of you to submit this when the remix was already submitted

Guess: Michael",1ceb6ca59db84a61a26031f3eff9d35e
spotify:track:14OxJlLdcHNpgsm4DRwDOB,8ad71d9554d24eaf877dda25758aae45,2026-08-06T16:59:55.059954Z,0,this song has like negative nostalgia somehow,1ceb6ca59db84a61a26031f3eff9d35e
spotify:track:14OxJlLdcHNpgsm4DRwDOB,1cd356096fa0498aa955acf21944c65d,2026-08-09T16:23:43.565496Z,0,how is your music so on the straight and narrow that the only song you can think of for vice week couldve been something on the radio when your mom was driving you home from pembroke hill jv soccer practice man,1ceb6ca59db84a61a26031f3eff9d35e
spotify:track:14OxJlLdcHNpgsm4DRwDOB,043c232c2e1040a2bc082eac10f81f12,2026-08-09T14:27:57.071106Z,0,I never really listened to the lyrics of this song before,1ceb6ca59db84a61a26031f3eff9d35e
spotify:track:3IvTwPCCjfZczCN2k4qPiH,b610d55f12f147b89502873c4b93e5ef,2026-08-08T19:14:52.55527Z,1,"Wow excellent pick

Guess: Jecub",1ceb6ca59db84a61a26031f3eff9d35e
spotify:track:3IvTwPCCjfZczCN2k4qPiH,289b6ce1643d401f950a6eb514ddfd36,2026-08-10T00:02:25.338848Z,1,the og shaking ass white ppl music ,1ceb6ca59db84a61a26031f3eff9d35e
spotify:track:3IvTwPCCjfZczCN2k4qPiH,0c04c978ff14409e9018621377b6b7e9,2026-08-09T16:49:33.970465Z,1,mans cannot quit being her side piece,1ceb6ca59db84a61a26031f3eff9d35e
spotify:track:3IvTwPCCjfZczCN2k4qPiH,043c232c2e1040a2bc082eac10f81f12,2026-08-09T14:27:57.071106Z,1,Another song I never really listened to the lyrics of,1ceb6ca59db84a61a26031f3eff9d35e
spotify:track:3IvTwPCCjfZczCN2k4qPiH,2514636114c2431a903f1cad7eaf72e5,2026-08-09T17:04:19.975823Z,0,can’t vote for this because this is what comes up on Reddit when you copy paste the prompt into google ,1ceb6ca59db84a61a26031f3eff9d35e
spotify:track:3IvTwPCCjfZczCN2k4qPiH,1cd356096fa0498aa955acf21944c65d,2026-08-09T16:23:43.565496Z,0,appreciate the submission but this type of music aint gonna get a vote from me if i already know it ,1ceb6ca59db84a61a26031f3eff9d35e
spotify:track:5RsUlxLto4NZbhJpqJbHfN,8ad71d9554d24eaf877dda25758aae45,2026-08-06T16:59:55.059954Z,1,look the lyrics of this song are kinda sad and idk if its the best vice but it is a banger i haven't heard in a while so nice,1ceb6ca59db84a61a26031f3eff9d35e
spotify:track:5RsUlxLto4NZbhJpqJbHfN,80213310c71e48b297cb1223ff34a32c,2026-08-10T00:09:39.345557Z,1,,1ceb6ca59db84a61a26031f3eff9d35e
spotify:track:5RsUlxLto4NZbhJpqJbHfN,2514636114c2431a903f1cad7eaf72e5,2026-08-09T17:04:19.975823Z,1,Was thinking about it Stacy’s Mom for this week too ,1ceb6ca59db84a61a26031f3eff9d35e
spotify:track:5RsUlxLto4NZbhJpqJbHfN,0c04c978ff14409e9018621377b6b7e9,2026-08-09T16:49:33.970465Z,1,bro stay away from her lmao. 'shes loving him with that body' is when you know he can't control himself,1ceb6ca59db84a61a26031f3eff9d35e
spotify:track:5RsUlxLto4NZbhJpqJbHfN,eab45a88f95d4ae893e32ca723946d60,2026-08-09T01:45:01.515358Z,0,idk this is just too cheesy for me,1ceb6ca59db84a61a26031f3eff9d35e
spotify:track:5RsUlxLto4NZbhJpqJbHfN,b610d55f12f147b89502873c4b93e5ef,2026-08-08T19:14:52.55527Z,0,"This is jealousy and lust for sure lol

Guess: Baker",1ceb6ca59db84a61a26031f3eff9d35e
spotify:track:5RsUlxLto4NZbhJpqJbHfN,289b6ce1643d401f950a6eb514ddfd36,2026-08-10T00:02:25.338848Z,0,eh,1ceb6ca59db84a61a26031f3eff9d35e
spotify:track:5RsUlxLto4NZbhJpqJbHfN,1cd356096fa0498aa955acf21944c65d,2026-08-09T16:23:43.565496Z,0,lol hard pass at the end of the playlist,1ceb6ca59db84a61a26031f3eff9d35e
spotify:track:0jv5OcbvTUHgO8FgHhya8b,1cd356096fa0498aa955acf21944c65d,2026-08-09T16:23:43.565496Z,1,god florence just has the juice but like who is the machine (i will NOT be googling),1ceb6ca59db84a61a26031f3eff9d35e
spotify:track:0jv5OcbvTUHgO8FgHhya8b,b610d55f12f147b89502873c4b93e5ef,2026-08-08T19:14:52.55527Z,0,"Is the “vice” here being abusive? I guess you could say that’s a bad habit and a personality flaw but it feels wrong to call a it vice idk

Guess: Matthew",1ceb6ca59db84a61a26031f3eff9d35e
spotify:track:0jv5OcbvTUHgO8FgHhya8b,8ad71d9554d24eaf877dda25758aae45,2026-08-06T16:59:55.059954Z,0,"i, what? this song describes domestic abuse ? is that what we're calling a vice ? and don't hit me with 'it's a metaphor, dummy' no do better metaphors.

Liked the song",1ceb6ca59db84a61a26031f3eff9d35e
spotify:track:0jv5OcbvTUHgO8FgHhya8b,289b6ce1643d401f950a6eb514ddfd36,2026-08-10T00:02:25.338848Z,0,"we get it ur british


nice song tho",1ceb6ca59db84a61a26031f3eff9d35e
spotify:track:0jv5OcbvTUHgO8FgHhya8b,0c04c978ff14409e9018621377b6b7e9,2026-08-09T16:49:33.970465Z,0,fist with a kiss,1ceb6ca59db84a61a26031f3eff9d35e
spotify:track:0jv5OcbvTUHgO8FgHhya8b,043c232c2e1040a2bc082eac10f81f12,2026-08-09T14:27:57.071106Z,0,This is a good song,1ceb6ca59db84a61a26031f3eff9d35e
spotify:track:1Hv1VTm8zeOeybub15mA2R,eab45a88f95d4ae893e32ca723946d60,2026-08-12T03:30:28.43967Z,2,phenomenal pick,5982f32d5fde44d5ae3599521bf2f1e2
spotify:track:1Hv1VTm8zeOeybub15mA2R,2514636114c2431a903f1cad7eaf72e5,2026-08-16T19:26:38.761569Z,2,Unfortunately I love this ,5982f32d5fde44d5ae3599521bf2f1e2
spotify:track:1Hv1VTm8zeOeybub15mA2R,0c04c978ff14409e9018621377b6b7e9,2026-08-15T23:23:35.851958Z,2,wanted to dismiss this one but it would steady my hand. Then I’d kill the patient because I’m not a surgeon ,5982f32d5fde44d5ae3599521bf2f1e2
spotify:track:1Hv1VTm8zeOeybub15mA2R,8ad71d9554d24eaf877dda25758aae45,2026-08-15T01:49:32.001619Z,1,it's got enough of a beat and this would stroke my big surgeon ego,5982f32d5fde44d5ae3599521bf2f1e2
spotify:track:1Hv1VTm8zeOeybub15mA2R,80213310c71e48b297cb1223ff34a32c,2026-08-17T01:51:18.545645Z,1,I giggled,5982f32d5fde44d5ae3599521bf2f1e2
spotify:track:1Hv1VTm8zeOeybub15mA2R,289b6ce1643d401f950a6eb514ddfd36,2026-08-17T01:49:34.860914Z,1,Doesnt this shit make you wish you fell in love in the 90s ,5982f32d5fde44d5ae3599521bf2f1e2
spotify:track:1Hv1VTm8zeOeybub15mA2R,2188964000cf410c8dbf4fd04eb76fed,2026-08-17T00:36:12.090597Z,1,,5982f32d5fde44d5ae3599521bf2f1e2
spotify:track:1Hv1VTm8zeOeybub15mA2R,1cd356096fa0498aa955acf21944c65d,2026-08-14T23:48:07.693766Z,0,this song is more akin to a serial killer than a surgeon imo,5982f32d5fde44d5ae3599521bf2f1e2
spotify:track:5e9TFTbltYBg2xThimr0rU,6521770c9aeb4bffb740a9141e624077,2026-08-16T23:32:42.395239Z,2,,5982f32d5fde44d5ae3599521bf2f1e2
spotify:track:5e9TFTbltYBg2xThimr0rU,2188964000cf410c8dbf4fd04eb76fed,2026-08-17T00:36:12.090597Z,2,,5982f32d5fde44d5ae3599521bf2f1e2
spotify:track:5e9TFTbltYBg2xThimr0rU,eab45a88f95d4ae893e32ca723946d60,2026-08-12T03:30:28.43967Z,1,"I like I like

outro goes hard for sure",5982f32d5fde44d5ae3599521bf2f1e2
spotify:track:5e9TFTbltYBg2xThimr0rU,b610d55f12f147b89502873c4b93e5ef,2026-08-16T21:20:55.749626Z,1,"Excellent upbeat track that I could see everyone in OR being motivated to

Guess: Minnes",5982f32d5fde44d5ae3599521bf2f1e2
spotify:track:5e9TFTbltYBg2xThimr0rU,8ad71d9554d24eaf877dda25758aae45,2026-08-15T01:49:32.001619Z,1,,5982f32d5fde44d5ae3599521bf2f1e2
spotify:track:5e9TFTbltYBg2xThimr0rU,289b6ce1643d401f950a6eb514ddfd36,2026-08-17T01:49:34.860914Z,1,Yep yep yep yep yes yes yes THIS IS WHAT IVE BEEN LOOKING FOR THIS IS MY SHIT SEND ME SHIT LIKE THIS,5982f32d5fde44d5ae3599521bf2f1e2
spotify:track:5e9TFTbltYBg2xThimr0rU,2514636114c2431a903f1cad7eaf72e5,2026-08-16T19:26:38.761569Z,1,that’s true and it’s a crowd pleaser ,5982f32d5fde44d5ae3599521bf2f1e2
spotify:track:5e9TFTbltYBg2xThimr0rU,0c04c978ff14409e9018621377b6b7e9,2026-08-15T23:23:35.851958Z,0,"I’d be so nervous before the baseline tho, the song is so tense and sparse for 3 minutes ",5982f32d5fde44d5ae3599521bf2f1e2
spotify:track:6hh74g3EXXM8dF1Boamcyn,1cd356096fa0498aa955acf21944c65d,2026-08-14T23:48:07.693766Z,3,damn i cant believe im about to let vish operate on me ,5982f32d5fde44d5ae3599521bf2f1e2
spotify:track:6hh74g3EXXM8dF1Boamcyn,289b6ce1643d401f950a6eb514ddfd36,2026-08-17T01:49:34.860914Z,2,2025 Kingdom draft i was staring out the plane window overlooking all of the bay area while this song was playing and it was genuinely one of the coolest moments. This song and another from this album 10000% defined that august draft for me  ,5982f32d5fde44d5ae3599521bf2f1e2
spotify:track:6hh74g3EXXM8dF1Boamcyn,eab45a88f95d4ae893e32ca723946d60,2026-08-12T03:30:28.43967Z,1,"so beautiful

idk if I needed 2chainz on it though",5982f32d5fde44d5ae3599521bf2f1e2
spotify:track:6hh74g3EXXM8dF1Boamcyn,b610d55f12f147b89502873c4b93e5ef,2026-08-16T21:20:55.749626Z,1,"I see the vision here, might get a vote

Guess: Vish",5982f32d5fde44d5ae3599521bf2f1e2
spotify:track:6hh74g3EXXM8dF1Boamcyn,6521770c9aeb4bffb740a9141e624077,2026-08-16T23:32:42.395239Z,1,,5982f32d5fde44d5ae3599521bf2f1e2
spotify:track:6hh74g3EXXM8dF1Boamcyn,2188964000cf410c8dbf4fd04eb76fed,2026-08-17T00:36:12.090597Z,1,,5982f32d5fde44d5ae3599521bf2f1e2
spotify:track:6hh74g3EXXM8dF1Boamcyn,8ad71d9554d24eaf877dda25758aae45,2026-08-15T01:49:32.001619Z,0,nope,5982f32d5fde44d5ae3599521bf2f1e2
spotify:track:6hh74g3EXXM8dF1Boamcyn,0c04c978ff14409e9018621377b6b7e9,2026-08-15T23:23:35.851958Z,0,2 chainz floats ,5982f32d5fde44d5ae3599521bf2f1e2
spotify:track:11G0yprQtMU53BLPMSr093,3b73cc44d9ce4479956467fba877a02e,2026-08-17T01:51:44.878416Z,5,"Wow, haven’t heard this song in so long I like it a lot",5982f32d5fde44d5ae3599521bf2f1e2
spotify:track:11G0yprQtMU53BLPMSr093,80213310c71e48b297cb1223ff34a32c,2026-08-17T01:51:18.545645Z,1,Patient gonna hear this in their dreams and think they’re dying,5982f32d5fde44d5ae3599521bf2f1e2
spotify:track:11G0yprQtMU53BLPMSr093,2188964000cf410c8dbf4fd04eb76fed,2026-08-17T00:36:12.090597Z,1,,5982f32d5fde44d5ae3599521bf2f1e2
spotify:track:11G0yprQtMU53BLPMSr093,1cd356096fa0498aa955acf21944c65d,2026-08-14T23:48:07.693766Z,1,I really like this song. first part was just a bit too sleepy for me otherwise id give more ,5982f32d5fde44d5ae3599521bf2f1e2
spotify:track:11G0yprQtMU53BLPMSr093,eab45a88f95d4ae893e32ca723946d60,2026-08-12T03:30:28.43967Z,0,"the song switches up too much; it doesn’t really have a flow I resonate with either. not for the OR

I like the breakdown section in the middle the most",5982f32d5fde44d5ae3599521bf2f1e2
spotify:track:11G0yprQtMU53BLPMSr093,b610d55f12f147b89502873c4b93e5ef,2026-08-16T21:20:55.749626Z,0,"This song always gets too repetitive for me despite being really good. I like the pick but I’d be trying to skip the last 40 “come sail away”s while my hands are bloody so nah

Guess: Bob",5982f32d5fde44d5ae3599521bf2f1e2
spotify:track:11G0yprQtMU53BLPMSr093,289b6ce1643d401f950a6eb514ddfd36,2026-08-17T01:49:34.860914Z,0,你是去哦的朋友,5982f32d5fde44d5ae3599521bf2f1e2
spotify:track:11G0yprQtMU53BLPMSr093,2514636114c2431a903f1cad7eaf72e5,2026-08-16T19:26:38.761569Z,0,hated it,5982f32d5fde44d5ae3599521bf2f1e2
spotify:track:11G0yprQtMU53BLPMSr093,0c04c978ff14409e9018621377b6b7e9,2026-08-15T23:23:35.851958Z,0,this song takes you on such a journey,5982f32d5fde44d5ae3599521bf2f1e2
spotify:track:4H0ly29pj5g6vMKum5kkhu,043c232c2e1040a2bc082eac10f81f12,2026-08-16T21:55:31.90556Z,2,I could wield a bone saw to this song,5982f32d5fde44d5ae3599521bf2f1e2
spotify:track:4H0ly29pj5g6vMKum5kkhu,eab45a88f95d4ae893e32ca723946d60,2026-08-12T03:30:28.43967Z,1,I can get behind the brainrot angle,5982f32d5fde44d5ae3599521bf2f1e2
spotify:track:4H0ly29pj5g6vMKum5kkhu,8ad71d9554d24eaf877dda25758aae45,2026-08-15T01:49:32.001619Z,1,I almost went non-english route i feel like lyrics i can't understand helps focus more,5982f32d5fde44d5ae3599521bf2f1e2
spotify:track:4H0ly29pj5g6vMKum5kkhu,2514636114c2431a903f1cad7eaf72e5,2026-08-16T19:26:38.761569Z,1,keeps me awake ,5982f32d5fde44d5ae3599521bf2f1e2
spotify:track:4H0ly29pj5g6vMKum5kkhu,b610d55f12f147b89502873c4b93e5ef,2026-08-16T21:20:55.749626Z,0,"Would certainly wake you up and the beat is great. Album art might make you lose focus but I like foreign language tunes for focusing since you’re not thinking about the lyrics

Guess: James",5982f32d5fde44d5ae3599521bf2f1e2
spotify:track:4H0ly29pj5g6vMKum5kkhu,289b6ce1643d401f950a6eb514ddfd36,2026-08-17T01:49:34.860914Z,0,I wanna dap u up rn,5982f32d5fde44d5ae3599521bf2f1e2
spotify:track:4H0ly29pj5g6vMKum5kkhu,1cd356096fa0498aa955acf21944c65d,2026-08-14T23:48:07.693766Z,0,"this is a heavy establishment week & im happy for yall; atp ML is just like a ""dear diary"" for me ",5982f32d5fde44d5ae3599521bf2f1e2
spotify:track:4H0ly29pj5g6vMKum5kkhu,0c04c978ff14409e9018621377b6b7e9,2026-08-15T23:23:35.851958Z,0,do you know what surgeons do?,5982f32d5fde44d5ae3599521bf2f1e2
spotify:track:5ZLzl6T8JwqMTMdoE0nCbU,0c04c978ff14409e9018621377b6b7e9,2026-08-15T23:23:35.851958Z,2,"this is such a nice vibe, bonus for the playful mandolin ",5982f32d5fde44d5ae3599521bf2f1e2
spotify:track:5ZLzl6T8JwqMTMdoE0nCbU,b610d55f12f147b89502873c4b93e5ef,2026-08-16T21:20:55.749626Z,1,"Solid background tune

Guess: Matthew",5982f32d5fde44d5ae3599521bf2f1e2
spotify:track:5ZLzl6T8JwqMTMdoE0nCbU,6521770c9aeb4bffb740a9141e624077,2026-08-16T23:32:42.395239Z,1,,5982f32d5fde44d5ae3599521bf2f1e2
spotify:track:5ZLzl6T8JwqMTMdoE0nCbU,2514636114c2431a903f1cad7eaf72e5,2026-08-16T19:26:38.761569Z,1,this is harmless ,5982f32d5fde44d5ae3599521bf2f1e2
spotify:track:5ZLzl6T8JwqMTMdoE0nCbU,eab45a88f95d4ae893e32ca723946d60,2026-08-12T03:30:28.43967Z,0,"it’s cool, I don’t think I’d be fully in the zone to this though",5982f32d5fde44d5ae3599521bf2f1e2
spotify:track:5ZLzl6T8JwqMTMdoE0nCbU,289b6ce1643d401f950a6eb514ddfd36,2026-08-17T01:49:34.860914Z,0,Lmaooo why do doctors love classic rock so much,5982f32d5fde44d5ae3599521bf2f1e2
spotify:track:5ZLzl6T8JwqMTMdoE0nCbU,1cd356096fa0498aa955acf21944c65d,2026-08-14T23:48:07.693766Z,0,i looked up surgeon demographics and this makes sense ,5982f32d5fde44d5ae3599521bf2f1e2
spotify:track:0lMbuWUpfTWhEmOKxppEau,b610d55f12f147b89502873c4b93e5ef,2026-08-16T21:20:55.749626Z,1,"Great beat to vibe too and I feel like it blends in the background pretty well

Guess: Zach",5982f32d5fde44d5ae3599521bf2f1e2
spotify:track:0lMbuWUpfTWhEmOKxppEau,80213310c71e48b297cb1223ff34a32c,2026-08-17T01:51:18.545645Z,1,,5982f32d5fde44d5ae3599521bf2f1e2
spotify:track:0lMbuWUpfTWhEmOKxppEau,043c232c2e1040a2bc082eac10f81f12,2026-08-16T21:55:31.90556Z,1,,5982f32d5fde44d5ae3599521bf2f1e2
spotify:track:0lMbuWUpfTWhEmOKxppEau,eab45a88f95d4ae893e32ca723946d60,2026-08-12T03:30:28.43967Z,0,phs era banger,5982f32d5fde44d5ae3599521bf2f1e2
spotify:track:0lMbuWUpfTWhEmOKxppEau,289b6ce1643d401f950a6eb514ddfd36,2026-08-17T01:49:34.860914Z,0,"Part of me wants to say this formula of making music feels a bit plain

And the other part of me feels like itd be nice to hear this in the operating room on a Tuesday at 11 AM in September. This song is a great weekday morning at work vibe ",5982f32d5fde44d5ae3599521bf2f1e2
spotify:track:0lMbuWUpfTWhEmOKxppEau,1cd356096fa0498aa955acf21944c65d,2026-08-14T23:48:07.693766Z,0,did chat gpt write your caption this week ?,5982f32d5fde44d5ae3599521bf2f1e2
spotify:track:0lMbuWUpfTWhEmOKxppEau,0c04c978ff14409e9018621377b6b7e9,2026-08-15T23:23:35.851958Z,0,Future is such a treasure his voice is incredible,5982f32d5fde44d5ae3599521bf2f1e2
spotify:track:1fQaoh3imrMunWVZh5kf90,8ad71d9554d24eaf877dda25758aae45,2026-08-15T01:49:32.001619Z,1,Yeah fair,5982f32d5fde44d5ae3599521bf2f1e2
spotify:track:1fQaoh3imrMunWVZh5kf90,289b6ce1643d401f950a6eb514ddfd36,2026-08-17T01:49:34.860914Z,1,"Idk if its cuz my dad is a doctor and he felt that any music that wasnt this exact genre was “not real music”, but this fits ",5982f32d5fde44d5ae3599521bf2f1e2
spotify:track:1fQaoh3imrMunWVZh5kf90,1cd356096fa0498aa955acf21944c65d,2026-08-14T23:48:07.693766Z,1,this one does fit the prompt. how is life down in ortho these days?,5982f32d5fde44d5ae3599521bf2f1e2
spotify:track:1fQaoh3imrMunWVZh5kf90,eab45a88f95d4ae893e32ca723946d60,2026-08-12T03:30:28.43967Z,0,hummm yeah not my vibe,5982f32d5fde44d5ae3599521bf2f1e2
spotify:track:1fQaoh3imrMunWVZh5kf90,b610d55f12f147b89502873c4b93e5ef,2026-08-16T21:20:55.749626Z,0,"I’ve known this song for a while and avenged sevenfold rocks but in a field where millimeters matter this ain’t it

Guess: Jecub",5982f32d5fde44d5ae3599521bf2f1e2
spotify:track:1fQaoh3imrMunWVZh5kf90,2514636114c2431a903f1cad7eaf72e5,2026-08-16T19:26:38.761569Z,0,this isn’t going to make the scrub tech happy ,5982f32d5fde44d5ae3599521bf2f1e2
spotify:track:1fQaoh3imrMunWVZh5kf90,0c04c978ff14409e9018621377b6b7e9,2026-08-15T23:23:35.851958Z,0,not my kind of music but if it was then it would be perfect. what’s the speaker quality in the OR?,5982f32d5fde44d5ae3599521bf2f1e2
spotify:track:087UWFehhhqmHr79g9H1kn,043c232c2e1040a2bc082eac10f81f12,2026-08-16T21:55:31.90556Z,2,,5982f32d5fde44d5ae3599521bf2f1e2
spotify:track:087UWFehhhqmHr79g9H1kn,80213310c71e48b297cb1223ff34a32c,2026-08-17T01:51:18.545645Z,1,,5982f32d5fde44d5ae3599521bf2f1e2
spotify:track:087UWFehhhqmHr79g9H1kn,eab45a88f95d4ae893e32ca723946d60,2026-08-12T03:30:28.43967Z,0,ehh it’s pretty mid,5982f32d5fde44d5ae3599521bf2f1e2
spotify:track:087UWFehhhqmHr79g9H1kn,b610d55f12f147b89502873c4b93e5ef,2026-08-16T21:20:55.749626Z,0,"Love how on theme this is but I feel like this would make me lose focus bc of all the switchups. I just found Diane last week tho and she’s sick

Guess: Owen",5982f32d5fde44d5ae3599521bf2f1e2
spotify:track:087UWFehhhqmHr79g9H1kn,8ad71d9554d24eaf877dda25758aae45,2026-08-15T01:49:32.001619Z,0,look i maintain if you're doing a heart transplant this is perfect,5982f32d5fde44d5ae3599521bf2f1e2
spotify:track:087UWFehhhqmHr79g9H1kn,289b6ce1643d401f950a6eb514ddfd36,2026-08-17T01:49:34.860914Z,0,i HATED this respectfully ,5982f32d5fde44d5ae3599521bf2f1e2
spotify:track:087UWFehhhqmHr79g9H1kn,1cd356096fa0498aa955acf21944c65d,2026-08-14T23:48:07.693766Z,0,"This song title is so on the nose it makes me think you have a ""performing surgery for dummies"" book somewhere in your office",5982f32d5fde44d5ae3599521bf2f1e2
spotify:track:087UWFehhhqmHr79g9H1kn,0c04c978ff14409e9018621377b6b7e9,2026-08-15T23:23:35.851958Z,0,this song establishes right away that the patient is going to die ,5982f32d5fde44d5ae3599521bf2f1e2
spotify:track:3nwJjTphObeWha3DY3BpNy,8ad71d9554d24eaf877dda25758aae45,2026-08-15T01:49:32.001619Z,1,2nd run through and i'm starting to see the vision,5982f32d5fde44d5ae3599521bf2f1e2
spotify:track:3nwJjTphObeWha3DY3BpNy,0c04c978ff14409e9018621377b6b7e9,2026-08-15T23:23:35.851958Z,1,imagine this playing during the surgery on a grape ,5982f32d5fde44d5ae3599521bf2f1e2
spotify:track:3nwJjTphObeWha3DY3BpNy,b610d55f12f147b89502873c4b93e5ef,2026-08-16T21:20:55.749626Z,0,"Another sleepy one which I feel is not great for long or late procedures

Guess: Chuck",5982f32d5fde44d5ae3599521bf2f1e2
spotify:track:3nwJjTphObeWha3DY3BpNy,80213310c71e48b297cb1223ff34a32c,2026-08-17T01:51:18.545645Z,0,E,5982f32d5fde44d5ae3599521bf2f1e2
spotify:track:3nwJjTphObeWha3DY3BpNy,289b6ce1643d401f950a6eb514ddfd36,2026-08-17T01:49:34.860914Z,0,you already know this is too long and drawn out for my adhd ass,5982f32d5fde44d5ae3599521bf2f1e2
spotify:track:3nwJjTphObeWha3DY3BpNy,2514636114c2431a903f1cad7eaf72e5,2026-08-16T19:26:38.761569Z,0,bro,5982f32d5fde44d5ae3599521bf2f1e2
spotify:track:3nwJjTphObeWha3DY3BpNy,1cd356096fa0498aa955acf21944c65d,2026-08-14T23:48:07.693766Z,0,youre getting too existential for my OR !,5982f32d5fde44d5ae3599521bf2f1e2
spotify:track:62zFEHfAYl5kdHYOivj4BC,b610d55f12f147b89502873c4b93e5ef,2026-08-16T21:20:55.749626Z,1,"Hahahaha I feel like this is the real answer based on the playlists I was finding. Great beat, keeps you awake, and everyone in the room knows it

Guess: Bennie",5982f32d5fde44d5ae3599521bf2f1e2
spotify:track:62zFEHfAYl5kdHYOivj4BC,80213310c71e48b297cb1223ff34a32c,2026-08-17T01:51:18.545645Z,1,,5982f32d5fde44d5ae3599521bf2f1e2
spotify:track:62zFEHfAYl5kdHYOivj4BC,eab45a88f95d4ae893e32ca723946d60,2026-08-12T03:30:28.43967Z,0,no CB in the OR !,5982f32d5fde44d5ae3599521bf2f1e2
spotify:track:62zFEHfAYl5kdHYOivj4BC,8ad71d9554d24eaf877dda25758aae45,2026-08-15T01:49:32.001619Z,0,"Simply can't get behind this, true story or not. you can't play actual bangers in the OR that is too distracting",5982f32d5fde44d5ae3599521bf2f1e2
spotify:track:62zFEHfAYl5kdHYOivj4BC,289b6ce1643d401f950a6eb514ddfd36,2026-08-17T01:49:34.860914Z,0,I rebuke this,5982f32d5fde44d5ae3599521bf2f1e2
spotify:track:62zFEHfAYl5kdHYOivj4BC,1cd356096fa0498aa955acf21944c65d,2026-08-14T23:48:07.693766Z,0,babys first OR aux ? youve set the scene now tell the rest of the sotry lol,5982f32d5fde44d5ae3599521bf2f1e2
spotify:track:62zFEHfAYl5kdHYOivj4BC,0c04c978ff14409e9018621377b6b7e9,2026-08-15T23:23:35.851958Z,0,this was my favorite song in 5th grade. Now I understand pitbull is a terrorist on the track  ,5982f32d5fde44d5ae3599521bf2f1e2
spotify:track:2pMPWE7PJH1PizfgGRMnR9,6521770c9aeb4bffb740a9141e624077,2026-08-16T23:32:42.395239Z,1,,5982f32d5fde44d5ae3599521bf2f1e2
spotify:track:2pMPWE7PJH1PizfgGRMnR9,eab45a88f95d4ae893e32ca723946d60,2026-08-12T03:30:28.43967Z,0,"damn I really forgot how good this song is, lots of phs era nostalgia on this one for me

runner-up for a vote type of thing",5982f32d5fde44d5ae3599521bf2f1e2
spotify:track:2pMPWE7PJH1PizfgGRMnR9,b610d55f12f147b89502873c4b93e5ef,2026-08-16T21:20:55.749626Z,0,"I think I’d fall asleep if this was playing at 5am after an 8 hour procedure

Guess: Baker",5982f32d5fde44d5ae3599521bf2f1e2
spotify:track:2pMPWE7PJH1PizfgGRMnR9,8ad71d9554d24eaf877dda25758aae45,2026-08-15T01:49:32.001619Z,0,Good song. terrible operating song,5982f32d5fde44d5ae3599521bf2f1e2
spotify:track:2pMPWE7PJH1PizfgGRMnR9,2514636114c2431a903f1cad7eaf72e5,2026-08-16T19:26:38.761569Z,0,don’t see the vision ,5982f32d5fde44d5ae3599521bf2f1e2
spotify:track:2pMPWE7PJH1PizfgGRMnR9,0c04c978ff14409e9018621377b6b7e9,2026-08-15T23:23:35.851958Z,0,Maybe post op when I’m begging for the lord to forgive me for killing a patient ,5982f32d5fde44d5ae3599521bf2f1e2
spotify:track:0N3W5peJUQtI4eyR6GJT5O,80213310c71e48b297cb1223ff34a32c,2026-08-24T00:28:27.34393Z,2,,1137b84490f446b6b03cbb588dec2c06
spotify:track:0N3W5peJUQtI4eyR6GJT5O,289b6ce1643d401f950a6eb514ddfd36,2026-08-24T01:49:42.133181Z,2,My introduction to rap,1137b84490f446b6b03cbb588dec2c06
spotify:track:0N3W5peJUQtI4eyR6GJT5O,0c04c978ff14409e9018621377b6b7e9,2026-08-22T21:57:57.202983Z,2,"This is one of the first audio bites I associated with James. Nothing feels better than syncing up a lyric, joke, or celebration with a friend. ",1137b84490f446b6b03cbb588dec2c06
spotify:track:0N3W5peJUQtI4eyR6GJT5O,043c232c2e1040a2bc082eac10f81f12,2026-08-23T04:48:07.173913Z,2,"This was like the first rap song I liked ever, per Charlie's recommendation",1137b84490f446b6b03cbb588dec2c06
spotify:track:0N3W5peJUQtI4eyR6GJT5O,eab45a88f95d4ae893e32ca723946d60,2026-08-23T04:59:07.529271Z,1,classic,1137b84490f446b6b03cbb588dec2c06
spotify:track:0N3W5peJUQtI4eyR6GJT5O,8ad71d9554d24eaf877dda25758aae45,2026-08-23T22:04:07.731918Z,1,,1137b84490f446b6b03cbb588dec2c06
spotify:track:0N3W5peJUQtI4eyR6GJT5O,6521770c9aeb4bffb740a9141e624077,2026-08-24T00:28:54.579044Z,1,I don't know if I get crazy high school nostalgia here but I do love it and yeah definitely youth,1137b84490f446b6b03cbb588dec2c06
spotify:track:0N3W5peJUQtI4eyR6GJT5O,1cd356096fa0498aa955acf21944c65d,2026-08-23T19:54:52.967619Z,1,this song is high school for me ,1137b84490f446b6b03cbb588dec2c06
spotify:track:0N3W5peJUQtI4eyR6GJT5O,b610d55f12f147b89502873c4b93e5ef,2026-08-23T21:01:58.540309Z,0,"I feel like DAMN is more high school nostalgic to me but I’m sure others feel that TPAB is more PHS

Guess: Vish",1137b84490f446b6b03cbb588dec2c06
spotify:track:2d8JP84HNLKhmd6IYOoupQ,8ad71d9554d24eaf877dda25758aae45,2026-08-23T22:04:07.731918Z,2,Yeahh this one takes me back and i can pick it up right where it left off,1137b84490f446b6b03cbb588dec2c06
spotify:track:2d8JP84HNLKhmd6IYOoupQ,2188964000cf410c8dbf4fd04eb76fed,2026-08-24T01:35:13.826193Z,2,,1137b84490f446b6b03cbb588dec2c06
spotify:track:2d8JP84HNLKhmd6IYOoupQ,eab45a88f95d4ae893e32ca723946d60,2026-08-23T04:59:07.529271Z,1,It does go hard,1137b84490f446b6b03cbb588dec2c06
spotify:track:2d8JP84HNLKhmd6IYOoupQ,80213310c71e48b297cb1223ff34a32c,2026-08-24T00:28:27.34393Z,1,Go royals ,1137b84490f446b6b03cbb588dec2c06
spotify:track:2d8JP84HNLKhmd6IYOoupQ,289b6ce1643d401f950a6eb514ddfd36,2026-08-24T01:49:42.133181Z,1,Summer 2015 was remarkable,1137b84490f446b6b03cbb588dec2c06
spotify:track:2d8JP84HNLKhmd6IYOoupQ,2514636114c2431a903f1cad7eaf72e5,2026-08-23T02:14:35.869732Z,1,,1137b84490f446b6b03cbb588dec2c06
spotify:track:2d8JP84HNLKhmd6IYOoupQ,1cd356096fa0498aa955acf21944c65d,2026-08-23T19:54:52.967619Z,1,like no other ,1137b84490f446b6b03cbb588dec2c06
spotify:track:2d8JP84HNLKhmd6IYOoupQ,0c04c978ff14409e9018621377b6b7e9,2026-08-22T21:57:57.202983Z,1,"When I met my college best friend from New Jersey, this song helped us understand the overlap in our high school experiences and relive the nostalgia together. ",1137b84490f446b6b03cbb588dec2c06
spotify:track:2d8JP84HNLKhmd6IYOoupQ,b610d55f12f147b89502873c4b93e5ef,2026-08-23T21:01:58.540309Z,0,"This is more college to me ngl but I’m sure this played at the dances

Guess: Baker",1137b84490f446b6b03cbb588dec2c06
spotify:track:2d8JP84HNLKhmd6IYOoupQ,6521770c9aeb4bffb740a9141e624077,2026-08-24T00:28:54.579044Z,0,This is like when we had the conversation about whether nostalgia is bad or good. Coming down as good,1137b84490f446b6b03cbb588dec2c06
spotify:track:3rZhRBdVQ2fTEM2ULOAwUL,1cd356096fa0498aa955acf21944c65d,2026-08-23T19:54:52.967619Z,2,this is absolutely it — getting more votes than king kunta from me just bc it’s so perfectly high school ,1137b84490f446b6b03cbb588dec2c06
spotify:track:3rZhRBdVQ2fTEM2ULOAwUL,b610d55f12f147b89502873c4b93e5ef,2026-08-23T21:01:58.540309Z,1,"Yeah this is fair

Guess: Jecub",1137b84490f446b6b03cbb588dec2c06
spotify:track:3rZhRBdVQ2fTEM2ULOAwUL,80213310c71e48b297cb1223ff34a32c,2026-08-24T00:28:27.34393Z,1,,1137b84490f446b6b03cbb588dec2c06
spotify:track:3rZhRBdVQ2fTEM2ULOAwUL,289b6ce1643d401f950a6eb514ddfd36,2026-08-24T01:49:42.133181Z,1,Still bump this,1137b84490f446b6b03cbb588dec2c06
spotify:track:3rZhRBdVQ2fTEM2ULOAwUL,2188964000cf410c8dbf4fd04eb76fed,2026-08-24T01:35:13.826193Z,1,,1137b84490f446b6b03cbb588dec2c06
spotify:track:3rZhRBdVQ2fTEM2ULOAwUL,043c232c2e1040a2bc082eac10f81f12,2026-08-23T04:48:07.173913Z,1,,1137b84490f446b6b03cbb588dec2c06
spotify:track:3rZhRBdVQ2fTEM2ULOAwUL,eab45a88f95d4ae893e32ca723946d60,2026-08-23T04:59:07.529271Z,0,lol,1137b84490f446b6b03cbb588dec2c06
spotify:track:3rZhRBdVQ2fTEM2ULOAwUL,8ad71d9554d24eaf877dda25758aae45,2026-08-23T22:04:07.731918Z,0,really feel like i nailed this one,1137b84490f446b6b03cbb588dec2c06
spotify:track:3rZhRBdVQ2fTEM2ULOAwUL,6521770c9aeb4bffb740a9141e624077,2026-08-24T00:28:54.579044Z,0,Nah but I just don't want to think about it though,1137b84490f446b6b03cbb588dec2c06
spotify:track:3rZhRBdVQ2fTEM2ULOAwUL,0c04c978ff14409e9018621377b6b7e9,2026-08-22T21:57:57.202983Z,0,"This song was educational for me, and it makes me think of an innocent Jacob. ",1137b84490f446b6b03cbb588dec2c06
spotify:track:4KW1lqgSr8TKrvBII0Brf8,b610d55f12f147b89502873c4b93e5ef,2026-08-23T21:01:58.540309Z,2,"Like yes

Guess: James",1137b84490f446b6b03cbb588dec2c06
spotify:track:4KW1lqgSr8TKrvBII0Brf8,eab45a88f95d4ae893e32ca723946d60,2026-08-23T04:59:07.529271Z,1,this album was his career peak,1137b84490f446b6b03cbb588dec2c06
spotify:track:4KW1lqgSr8TKrvBII0Brf8,80213310c71e48b297cb1223ff34a32c,2026-08-24T00:28:27.34393Z,1,,1137b84490f446b6b03cbb588dec2c06
spotify:track:4KW1lqgSr8TKrvBII0Brf8,2514636114c2431a903f1cad7eaf72e5,2026-08-23T02:14:35.869732Z,1,,1137b84490f446b6b03cbb588dec2c06
spotify:track:4KW1lqgSr8TKrvBII0Brf8,043c232c2e1040a2bc082eac10f81f12,2026-08-23T04:48:07.173913Z,1,Reminding me that I used to listen to kanye,1137b84490f446b6b03cbb588dec2c06
spotify:track:4KW1lqgSr8TKrvBII0Brf8,0c04c978ff14409e9018621377b6b7e9,2026-08-22T21:57:57.202983Z,0,"This takes me back to super slo-mo sports videos on house of highlights, videos we shared with each other. Future !",1137b84490f446b6b03cbb588dec2c06
spotify:track:7IEdlE4ZwzPDxnoWFv10aj,b610d55f12f147b89502873c4b93e5ef,2026-08-23T21:01:58.540309Z,1,"HAHAHAHAHAHA

Guess: Chuck",1137b84490f446b6b03cbb588dec2c06
spotify:track:7IEdlE4ZwzPDxnoWFv10aj,8ad71d9554d24eaf877dda25758aae45,2026-08-23T22:04:07.731918Z,1,"Hilarious pick and technically correct, easy vote",1137b84490f446b6b03cbb588dec2c06
spotify:track:7IEdlE4ZwzPDxnoWFv10aj,6521770c9aeb4bffb740a9141e624077,2026-08-24T00:28:54.579044Z,1,This is as establishment as it gets. It's literally created by the educational system. ,1137b84490f446b6b03cbb588dec2c06
spotify:track:7IEdlE4ZwzPDxnoWFv10aj,1cd356096fa0498aa955acf21944c65d,2026-08-23T19:54:52.967619Z,1,you will have my respect forever and always ,1137b84490f446b6b03cbb588dec2c06
spotify:track:7IEdlE4ZwzPDxnoWFv10aj,0c04c978ff14409e9018621377b6b7e9,2026-08-22T21:57:57.202983Z,1,TRANSPORTED. This nostalgia extends beyond our current friends. Those teachers and classmates shaped my life too. ,1137b84490f446b6b03cbb588dec2c06
spotify:track:7IEdlE4ZwzPDxnoWFv10aj,2514636114c2431a903f1cad7eaf72e5,2026-08-23T02:14:35.869732Z,0,you have nothing to lose ,1137b84490f446b6b03cbb588dec2c06
spotify:track:7IEdlE4ZwzPDxnoWFv10aj,043c232c2e1040a2bc082eac10f81f12,2026-08-23T04:48:07.173913Z,0,Lmao,1137b84490f446b6b03cbb588dec2c06
spotify:track:2JTBNz8VZx7i38pcPROWuz,2514636114c2431a903f1cad7eaf72e5,2026-08-23T02:14:35.869732Z,1,,1137b84490f446b6b03cbb588dec2c06
spotify:track:2JTBNz8VZx7i38pcPROWuz,2188964000cf410c8dbf4fd04eb76fed,2026-08-24T01:35:13.826193Z,1,,1137b84490f446b6b03cbb588dec2c06
spotify:track:2JTBNz8VZx7i38pcPROWuz,0c04c978ff14409e9018621377b6b7e9,2026-08-22T21:57:57.202983Z,1,"This one didn’t hit my rotation until after pembroke, but the nostalgia is baked into the music and Mumford voice. Makes me think of my first times with Gina, and I always listen to it when we go home together. ",1137b84490f446b6b03cbb588dec2c06
spotify:track:2JTBNz8VZx7i38pcPROWuz,043c232c2e1040a2bc082eac10f81f12,2026-08-23T04:48:07.173913Z,1,This definitely brings back ward parkway memories,1137b84490f446b6b03cbb588dec2c06
spotify:track:2JTBNz8VZx7i38pcPROWuz,eab45a88f95d4ae893e32ca723946d60,2026-08-23T04:59:07.529271Z,0,nbd,1137b84490f446b6b03cbb588dec2c06
spotify:track:2JTBNz8VZx7i38pcPROWuz,b610d55f12f147b89502873c4b93e5ef,2026-08-23T21:01:58.540309Z,0,"Not nostalgic tbh

Guess: Matthew",1137b84490f446b6b03cbb588dec2c06
spotify:track:2JTBNz8VZx7i38pcPROWuz,289b6ce1643d401f950a6eb514ddfd36,2026-08-24T01:49:42.133181Z,0,Havent heard this since right when it came back but its soo easy to remember,1137b84490f446b6b03cbb588dec2c06
spotify:track:6Z7B5YQMXpCQK1No7etsZf,6521770c9aeb4bffb740a9141e624077,2026-08-24T00:28:54.579044Z,2,Zach showed me this song!! In freshman year and it's one of my earliest saves. ,1137b84490f446b6b03cbb588dec2c06
spotify:track:6Z7B5YQMXpCQK1No7etsZf,2514636114c2431a903f1cad7eaf72e5,2026-08-23T02:14:35.869732Z,1,,1137b84490f446b6b03cbb588dec2c06
spotify:track:6Z7B5YQMXpCQK1No7etsZf,eab45a88f95d4ae893e32ca723946d60,2026-08-23T04:59:07.529271Z,0,extremely mid,1137b84490f446b6b03cbb588dec2c06
spotify:track:6Z7B5YQMXpCQK1No7etsZf,b610d55f12f147b89502873c4b93e5ef,2026-08-23T21:01:58.540309Z,0,"I don’t know this song

Guess: Bob",1137b84490f446b6b03cbb588dec2c06
spotify:track:6Z7B5YQMXpCQK1No7etsZf,8ad71d9554d24eaf877dda25758aae45,2026-08-23T22:04:07.731918Z,0,again solid song but no nostalgia at all for me,1137b84490f446b6b03cbb588dec2c06
spotify:track:6Z7B5YQMXpCQK1No7etsZf,289b6ce1643d401f950a6eb514ddfd36,2026-08-24T01:49:42.133181Z,0,I never heard this but its cool,1137b84490f446b6b03cbb588dec2c06
spotify:track:6Z7B5YQMXpCQK1No7etsZf,0c04c978ff14409e9018621377b6b7e9,2026-08-22T21:57:57.202983Z,0,This song has been even more important to me since leaving high school. ,1137b84490f446b6b03cbb588dec2c06
spotify:track:6Z7B5YQMXpCQK1No7etsZf,043c232c2e1040a2bc082eac10f81f12,2026-08-23T04:48:07.173913Z,0,I don't know this one,1137b84490f446b6b03cbb588dec2c06
spotify:track:4scpF6J5uMBvoh6sFB7EL1,2514636114c2431a903f1cad7eaf72e5,2026-08-23T02:14:35.869732Z,1,,1137b84490f446b6b03cbb588dec2c06
spotify:track:4scpF6J5uMBvoh6sFB7EL1,2188964000cf410c8dbf4fd04eb76fed,2026-08-24T01:35:13.826193Z,1,,1137b84490f446b6b03cbb588dec2c06
spotify:track:4scpF6J5uMBvoh6sFB7EL1,b610d55f12f147b89502873c4b93e5ef,2026-08-23T21:01:58.540309Z,0,"More college than HS to me

Guess: Bennie",1137b84490f446b6b03cbb588dec2c06
spotify:track:4scpF6J5uMBvoh6sFB7EL1,8ad71d9554d24eaf877dda25758aae45,2026-08-23T22:04:07.731918Z,0,zero enjoyment from this throwback,1137b84490f446b6b03cbb588dec2c06
spotify:track:4scpF6J5uMBvoh6sFB7EL1,0c04c978ff14409e9018621377b6b7e9,2026-08-22T21:57:57.202983Z,0,The cadence and rhythm of this song is woven into my being. “I make my own money so I spend it how I like” was so important to me when I first had independence. ,1137b84490f446b6b03cbb588dec2c06
spotify:track:4scpF6J5uMBvoh6sFB7EL1,043c232c2e1040a2bc082eac10f81f12,2026-08-23T04:48:07.173913Z,0,I didn't have this in the queue back then,1137b84490f446b6b03cbb588dec2c06
spotify:track:7GX5flRQZVHRAGd6B4TmDO,eab45a88f95d4ae893e32ca723946d60,2026-08-23T04:59:07.529271Z,1,song has aged v well,1137b84490f446b6b03cbb588dec2c06
spotify:track:7GX5flRQZVHRAGd6B4TmDO,289b6ce1643d401f950a6eb514ddfd36,2026-08-24T01:49:42.133181Z,1,Mega classic. Shoutout TM88,1137b84490f446b6b03cbb588dec2c06
spotify:track:7GX5flRQZVHRAGd6B4TmDO,1cd356096fa0498aa955acf21944c65d,2026-08-23T19:54:52.967619Z,0,i was in minnesota in this time frame :(,1137b84490f446b6b03cbb588dec2c06
spotify:track:7GX5flRQZVHRAGd6B4TmDO,0c04c978ff14409e9018621377b6b7e9,2026-08-22T21:57:57.202983Z,0,"EVERYWHERE. so much that I actually associate uzi with my most catholic college friend, shoutout Ricky. ",1137b84490f446b6b03cbb588dec2c06
spotify:track:7GX5flRQZVHRAGd6B4TmDO,043c232c2e1040a2bc082eac10f81f12,2026-08-23T04:48:07.173913Z,0,Don't know this song,1137b84490f446b6b03cbb588dec2c06
spotify:track:4YW6yLeY96M5mwpGttgjqa,8ad71d9554d24eaf877dda25758aae45,2026-08-23T22:04:07.731918Z,1,makes me think of car rides where zach had aux,1137b84490f446b6b03cbb588dec2c06
spotify:track:4YW6yLeY96M5mwpGttgjqa,eab45a88f95d4ae893e32ca723946d60,2026-08-23T04:59:07.529271Z,0,2016 era slop released in 2017,1137b84490f446b6b03cbb588dec2c06
spotify:track:4YW6yLeY96M5mwpGttgjqa,b610d55f12f147b89502873c4b93e5ef,2026-08-23T21:01:58.540309Z,0,"I don’t remember this song

Guess: Owen",1137b84490f446b6b03cbb588dec2c06
spotify:track:4YW6yLeY96M5mwpGttgjqa,0c04c978ff14409e9018621377b6b7e9,2026-08-22T21:57:57.202983Z,0,This is where That Way comes from??? Type of shit owen will say forever. ,1137b84490f446b6b03cbb588dec2c06
spotify:track:4esUVfYnFcCCVHntx9FQCb,6521770c9aeb4bffb740a9141e624077,2026-08-24T00:28:54.579044Z,1,Love you boo,1137b84490f446b6b03cbb588dec2c06
spotify:track:4esUVfYnFcCCVHntx9FQCb,eab45a88f95d4ae893e32ca723946d60,2026-08-23T04:59:07.529271Z,0,thew basement type beat,1137b84490f446b6b03cbb588dec2c06
spotify:track:4esUVfYnFcCCVHntx9FQCb,b610d55f12f147b89502873c4b93e5ef,2026-08-23T21:01:58.540309Z,0,"Not nostalgic for me

Guess: Minnes",1137b84490f446b6b03cbb588dec2c06
spotify:track:4esUVfYnFcCCVHntx9FQCb,8ad71d9554d24eaf877dda25758aae45,2026-08-23T22:04:07.731918Z,0,respect but not in that specific group of people 🫶,1137b84490f446b6b03cbb588dec2c06
spotify:track:4esUVfYnFcCCVHntx9FQCb,0c04c978ff14409e9018621377b6b7e9,2026-08-22T21:57:57.202983Z,0,I almost submitted the other big phoenix one. Music like this reminds me of learning how important it is to sing and dance with your friends even if you suck at both. ,1137b84490f446b6b03cbb588dec2c06
spotify:track:4esUVfYnFcCCVHntx9FQCb,043c232c2e1040a2bc082eac10f81f12,2026-08-23T04:48:07.173913Z,0,I do like this song but no nostalgia for me,1137b84490f446b6b03cbb588dec2c06
spotify:track:003vvx7Niy0yvhvHt4a68B,eab45a88f95d4ae893e32ca723946d60,2026-08-23T04:59:07.529271Z,1,"*shakes head*
ok ok fine, one vote",1137b84490f446b6b03cbb588dec2c06
spotify:track:003vvx7Niy0yvhvHt4a68B,b610d55f12f147b89502873c4b93e5ef,2026-08-23T21:01:58.540309Z,1,"Like yes but also this is more college to me

Guess: Zach",1137b84490f446b6b03cbb588dec2c06
spotify:track:003vvx7Niy0yvhvHt4a68B,8ad71d9554d24eaf877dda25758aae45,2026-08-23T22:04:07.731918Z,0,i assosciate this most with college,1137b84490f446b6b03cbb588dec2c06
spotify:track:003vvx7Niy0yvhvHt4a68B,6521770c9aeb4bffb740a9141e624077,2026-08-24T00:28:54.579044Z,0,This is kinda an all the time sort of song like I don't think I associate it with any time or place,1137b84490f446b6b03cbb588dec2c06
spotify:track:003vvx7Niy0yvhvHt4a68B,289b6ce1643d401f950a6eb514ddfd36,2026-08-24T01:49:42.133181Z,0,👎🏾,1137b84490f446b6b03cbb588dec2c06
spotify:track:003vvx7Niy0yvhvHt4a68B,2514636114c2431a903f1cad7eaf72e5,2026-08-23T02:14:35.869732Z,0,Too easy,1137b84490f446b6b03cbb588dec2c06
spotify:track:003vvx7Niy0yvhvHt4a68B,1cd356096fa0498aa955acf21944c65d,2026-08-23T19:54:52.967619Z,0,im really happy for yall hahha,1137b84490f446b6b03cbb588dec2c06
spotify:track:003vvx7Niy0yvhvHt4a68B,0c04c978ff14409e9018621377b6b7e9,2026-08-22T21:57:57.202983Z,0,"Like much of nostalgia, it was twisted into something different by later memories. However, the first time I heard ‘touching his .. chest’ was special. ",1137b84490f446b6b03cbb588dec2c06
spotify:track:003vvx7Niy0yvhvHt4a68B,043c232c2e1040a2bc082eac10f81f12,2026-08-23T04:48:07.173913Z,0,I associate this more with college than high school,1137b84490f446b6b03cbb588dec2c06
